"",BBSIS.D.I.ZST.ZI.EUR.S1311.B.A604.R10XX.R.A.A._Z._Z.A,BBSIS.D.I.ZST.ZI.EUR.S1311.B.A604.R10XX.R.A.A._Z._Z.A_FLAGS
"",Term structure of interest rates on listed Federal securities (method by Svensson) / residual maturity of 10.0 years / daily data,
Comment (in english),,
Decimals,2,
Time format code,P1D,
category,ZRZS,
unit,Prozent,
unit multiplier,One,
last update,2026-10-06 12:06:35,
2024-01-01,.,No value available
2024-01-02,2.14,
2024-01-03,2.11,
2024-01-04,2.11,
2024-01-05,2.20,
2024-01-06,.,No value available
2024-01-07,.,No value available
2024-01-08,2.21,
2024-01-09,2.23,
2024-01-10,2.21,
2024-01-11,2.23,
2024-01-12,2.20,
2024-01-13,.,No value available
2024-01-14,.,No value available
2024-01-15,2.22,
2024-01-16,2.24,
2024-01-17,2.28,
2024-01-18,2.33,
2024-01-19,2.34,
2024-01-20,.,No value available
2024-01-21,.,No value available
2024-01-22,2.31,
2024-01-23,2.33,
2024-01-24,2.34,
2024-01-25,2.38,
2024-01-26,2.28,
2024-01-27,.,No value available
2024-01-28,.,No value available
2024-01-29,2.25,
2024-01-30,2.25,
2024-01-31,2.24,
2024-02-01,2.23,
2024-02-02,2.19,
2024-02-03,.,No value available
2024-02-04,.,No value available
2024-02-05,2.30,
2024-02-06,2.34,
2024-02-07,2.31,
2024-02-08,2.32,
2024-02-09,2.37,
2024-02-10,.,No value available
2024-02-11,.,No value available
2024-02-12,2.37,
2024-02-13,2.38,
2024-02-14,2.39,
2024-02-15,2.33,
2024-02-16,2.40,
2024-02-17,.,No value available
2024-02-18,.,No value available
2024-02-19,2.41,
2024-02-20,2.40,
2024-02-21,2.41,
2024-02-22,2.46,
2024-02-23,2.48,
2024-02-24,.,No value available
2024-02-25,.,No value available
2024-02-26,2.38,
2024-02-27,2.43,
2024-02-28,2.46,
2024-02-29,2.51,
2024-03-01,2.42,
2024-03-02,.,No value available
2024-03-03,.,No value available
2024-03-04,2.40,
2024-03-05,2.38,
2024-03-06,2.37,
2024-03-07,2.32,
2024-03-08,2.28,
2024-03-09,.,No value available
2024-03-10,.,No value available
2024-03-11,2.28,
2024-03-12,2.31,
2024-03-13,2.33,
2024-03-14,2.39,
2024-03-15,2.46,
2024-03-16,.,No value available
2024-03-17,.,No value available
2024-03-18,2.47,
2024-03-19,2.45,
2024-03-20,2.44,
2024-03-21,2.41,
2024-03-22,2.39,
2024-03-23,.,No value available
2024-03-24,.,No value available
2024-03-25,2.36,
2024-03-26,2.36,
2024-03-27,2.35,
2024-03-28,2.33,
2024-03-29,.,No value available
2024-03-30,.,No value available
2024-03-31,.,No value available
2024-04-01,.,No value available
2024-04-02,2.37,
2024-04-03,2.41,
2024-04-04,2.39,
2024-04-05,2.38,
2024-04-06,.,No value available
2024-04-07,.,No value available
2024-04-08,2.47,
2024-04-09,2.42,
2024-04-10,2.37,
2024-04-11,2.48,
2024-04-12,2.40,
2024-04-13,.,No value available
2024-04-14,.,No value available
2024-04-15,2.41,
2024-04-16,2.47,
2024-04-17,2.50,
2024-04-18,2.46,
2024-04-19,2.48,
2024-04-20,.,No value available
2024-04-21,.,No value available
2024-04-22,2.55,
2024-04-23,2.50,
2024-04-24,2.56,
2024-04-25,2.59,
2024-04-26,2.62,
2024-04-27,.,No value available
2024-04-28,.,No value available
2024-04-29,2.54,
2024-04-30,2.56,
2024-05-01,.,No value available
2024-05-02,2.56,
2024-05-03,2.55,
2024-05-04,.,No value available
2024-05-05,.,No value available
2024-05-06,2.47,
2024-05-07,2.45,
2024-05-08,2.45,
2024-05-09,2.51,
2024-05-10,2.48,
2024-05-11,.,No value available
2024-05-12,.,No value available
2024-05-13,2.53,
2024-05-14,2.52,
2024-05-15,2.50,
2024-05-16,2.44,
2024-05-17,2.50,
2024-05-18,.,No value available
2024-05-19,.,No value available
2024-05-20,2.54,
2024-05-21,2.52,
2024-05-22,2.55,
2024-05-23,2.56,
2024-05-24,2.59,
2024-05-25,.,No value available
2024-05-26,.,No value available
2024-05-27,2.60,
2024-05-28,2.56,
2024-05-29,2.63,
2024-05-30,2.68,
2024-05-31,2.71,
2024-06-01,.,No value available
2024-06-02,.,No value available
2024-06-03,2.65,
2024-06-04,2.57,
2024-06-05,2.56,
2024-06-06,2.54,
2024-06-07,2.58,
2024-06-08,.,No value available
2024-06-09,.,No value available
2024-06-10,2.65,
2024-06-11,2.67,
2024-06-12,2.61,
2024-06-13,2.56,
2024-06-14,2.41,
2024-06-15,.,No value available
2024-06-16,.,No value available
2024-06-17,2.42,
2024-06-18,2.44,
2024-06-19,2.41,
2024-06-20,2.45,
2024-06-21,2.39,
2024-06-22,.,No value available
2024-06-23,.,No value available
2024-06-24,2.44,
2024-06-25,2.44,
2024-06-26,2.46,
2024-06-27,2.50,
2024-06-28,2.49,
2024-06-29,.,No value available
2024-06-30,.,No value available
2024-07-01,2.61,
2024-07-02,2.63,
2024-07-03,2.63,
2024-07-04,2.60,
2024-07-05,2.59,
2024-07-06,.,No value available
2024-07-07,.,No value available
2024-07-08,2.58,
2024-07-09,2.56,
2024-07-10,2.54,
2024-07-11,2.55,
2024-07-12,2.53,
2024-07-13,.,No value available
2024-07-14,.,No value available
2024-07-15,2.48,
2024-07-16,2.45,
2024-07-17,2.43,
2024-07-18,2.45,
2024-07-19,2.44,
2024-07-20,.,No value available
2024-07-21,.,No value available
2024-07-22,2.49,
2024-07-23,2.48,
2024-07-24,2.44,
2024-07-25,2.43,
2024-07-26,2.46,
2024-07-27,.,No value available
2024-07-28,.,No value available
2024-07-29,2.37,
2024-07-30,2.38,
2024-07-31,2.35,
2024-08-01,2.31,
2024-08-02,2.24,
2024-08-03,.,No value available
2024-08-04,.,No value available
2024-08-05,2.15,
2024-08-06,2.19,
2024-08-07,2.29,
2024-08-08,2.25,
2024-08-09,2.27,
2024-08-10,.,No value available
2024-08-11,.,No value available
2024-08-12,2.26,
2024-08-13,2.26,
2024-08-14,2.23,
2024-08-15,2.23,
2024-08-16,2.27,
2024-08-17,.,No value available
2024-08-18,.,No value available
2024-08-19,2.25,
2024-08-20,2.27,
2024-08-21,2.25,
2024-08-22,2.25,
2024-08-23,2.29,
2024-08-24,.,No value available
2024-08-25,.,No value available
2024-08-26,2.27,
2024-08-27,2.30,
2024-08-28,2.29,
2024-08-29,2.27,
2024-08-30,2.30,
2024-08-31,.,No value available
2024-09-01,.,No value available
2024-09-02,2.37,
2024-09-03,2.37,
2024-09-04,2.28,
2024-09-05,2.26,
2024-09-06,2.20,
2024-09-07,.,No value available
2024-09-08,.,No value available
2024-09-09,2.28,
2024-09-10,2.21,
2024-09-11,2.15,
2024-09-12,2.17,
2024-09-13,2.17,
2024-09-14,.,No value available
2024-09-15,.,No value available
2024-09-16,2.19,
2024-09-17,2.15,
2024-09-18,2.21,
2024-09-19,2.25,
2024-09-20,2.22,
2024-09-21,.,No value available
2024-09-22,.,No value available
2024-09-23,2.21,
2024-09-24,2.24,
2024-09-25,2.20,
2024-09-26,2.19,
2024-09-27,2.17,
2024-09-28,.,No value available
2024-09-29,.,No value available
2024-09-30,2.21,
2024-10-01,2.11,
2024-10-02,2.13,
2024-10-03,2.19,
2024-10-04,2.22,
2024-10-05,.,No value available
2024-10-06,.,No value available
2024-10-07,2.31,
2024-10-08,2.30,
2024-10-09,2.28,
2024-10-10,2.32,
2024-10-11,2.33,
2024-10-12,.,No value available
2024-10-13,.,No value available
2024-10-14,2.31,
2024-10-15,2.28,
2024-10-16,2.24,
2024-10-17,2.26,
2024-10-18,2.26,
2024-10-19,.,No value available
2024-10-20,.,No value available
2024-10-21,2.28,
2024-10-22,2.37,
2024-10-23,2.37,
2024-10-24,2.33,
2024-10-25,2.33,
2024-10-26,.,No value available
2024-10-27,.,No value available
2024-10-28,2.34,
2024-10-29,2.37,
2024-10-30,2.36,
2024-10-31,2.46,
2024-11-01,2.45,
2024-11-02,.,No value available
2024-11-03,.,No value available
2024-11-04,2.47,
2024-11-05,2.46,
2024-11-06,2.44,
2024-11-07,2.53,
2024-11-08,2.42,
2024-11-09,.,No value available
2024-11-10,.,No value available
2024-11-11,2.36,
2024-11-12,2.35,
2024-11-13,2.41,
2024-11-14,2.43,
2024-11-15,2.37,
2024-11-16,.,No value available
2024-11-17,.,No value available
2024-11-18,2.43,
2024-11-19,2.34,
2024-11-20,2.39,
2024-11-21,2.36,
2024-11-22,2.28,
2024-11-23,.,No value available
2024-11-24,.,No value available
2024-11-25,2.28,
2024-11-26,2.25,
2024-11-27,2.19,
2024-11-28,2.20,
2024-11-29,2.15,
2024-11-30,.,No value available
2024-12-01,.,No value available
2024-12-02,2.10,
2024-12-03,2.10,
2024-12-04,2.12,
2024-12-05,2.11,
2024-12-06,2.16,
2024-12-07,.,No value available
2024-12-08,.,No value available
2024-12-09,2.15,
2024-12-10,2.17,
2024-12-11,2.16,
2024-12-12,2.21,
2024-12-13,2.28,
2024-12-14,.,No value available
2024-12-15,.,No value available
2024-12-16,2.29,
2024-12-17,2.28,
2024-12-18,2.29,
2024-12-19,2.32,
2024-12-20,2.34,
2024-12-21,.,No value available
2024-12-22,.,No value available
2024-12-23,2.35,
2024-12-24,.,No value available
2024-12-25,.,No value available
2024-12-26,.,No value available
2024-12-27,2.43,
2024-12-28,.,No value available
2024-12-29,.,No value available
2024-12-30,2.43,
2024-12-31,.,No value available
2025-01-01,.,No value available
2025-01-02,2.40,
2025-01-03,2.42,
2025-01-04,.,No value available
2025-01-05,.,No value available
2025-01-06,2.49,
2025-01-07,2.50,
2025-01-08,2.53,
2025-01-09,2.58,
2025-01-10,2.61,
2025-01-11,.,No value available
2025-01-12,.,No value available
2025-01-13,2.66,
2025-01-14,2.66,
2025-01-15,2.66,
2025-01-16,2.60,
2025-01-17,2.56,
2025-01-18,.,No value available
2025-01-19,.,No value available
2025-01-20,2.57,
2025-01-21,2.54,
2025-01-22,2.54,
2025-01-23,2.57,
2025-01-24,2.61,
2025-01-25,.,No value available
2025-01-26,.,No value available
2025-01-27,2.55,
2025-01-28,2.58,
2025-01-29,2.57,
2025-01-30,2.56,
2025-01-31,2.51,
2025-02-01,.,No value available
2025-02-02,.,No value available
2025-02-03,2.44,
2025-02-04,2.46,
2025-02-05,2.38,
2025-02-06,2.41,
2025-02-07,2.40,
2025-02-08,.,No value available
2025-02-09,.,No value available
2025-02-10,2.41,
2025-02-11,2.44,
2025-02-12,2.49,
2025-02-13,2.50,
2025-02-14,2.46,
2025-02-15,.,No value available
2025-02-16,.,No value available
2025-02-17,2.53,
2025-02-18,2.54,
2025-02-19,2.56,
2025-02-20,2.59,
2025-02-21,2.54,
2025-02-22,.,No value available
2025-02-23,.,No value available
2025-02-24,2.51,
2025-02-25,2.50,
2025-02-26,2.47,
2025-02-27,2.48,
2025-02-28,2.42,
2025-03-01,.,No value available
2025-03-02,.,No value available
2025-03-03,2.50,
2025-03-04,2.50,
2025-03-05,2.72,
2025-03-06,2.90,
2025-03-07,2.87,
2025-03-08,.,No value available
2025-03-09,.,No value available
2025-03-10,2.85,
2025-03-11,2.91,
2025-03-12,2.96,
2025-03-13,2.94,
2025-03-14,2.93,
2025-03-15,.,No value available
2025-03-16,.,No value available
2025-03-17,2.86,
2025-03-18,2.89,
2025-03-19,2.82,
2025-03-20,2.81,
2025-03-21,2.80,
2025-03-22,.,No value available
2025-03-23,.,No value available
2025-03-24,2.84,
2025-03-25,2.88,
2025-03-26,2.85,
2025-03-27,2.85,
2025-03-28,2.79,
2025-03-29,.,No value available
2025-03-30,.,No value available
2025-03-31,2.75,
2025-04-01,2.74,
2025-04-02,2.74,
2025-04-03,2.72,
2025-04-04,2.59,
2025-04-05,.,No value available
2025-04-06,.,No value available
2025-04-07,2.51,
2025-04-08,2.68,
2025-04-09,2.67,
2025-04-10,2.70,
2025-04-11,2.61,
2025-04-12,.,No value available
2025-04-13,.,No value available
2025-04-14,2.60,
2025-04-15,2.55,
2025-04-16,2.55,
2025-04-17,2.58,
2025-04-18,.,No value available
2025-04-19,.,No value available
2025-04-20,.,No value available
2025-04-21,.,No value available
2025-04-22,2.51,
2025-04-23,2.52,
2025-04-24,2.51,
2025-04-25,2.53,
2025-04-26,.,No value available
2025-04-27,.,No value available
2025-04-28,2.56,
2025-04-29,2.55,
2025-04-30,2.52,
2025-05-01,.,No value available
2025-05-02,2.52,
2025-05-03,.,No value available
2025-05-04,.,No value available
2025-05-05,2.57,
2025-05-06,2.60,
2025-05-07,2.59,
2025-05-08,2.56,
2025-05-09,2.65,
2025-05-10,.,No value available
2025-05-11,.,No value available
2025-05-12,2.69,
2025-05-13,2.74,
2025-05-14,2.74,
2025-05-15,2.74,
2025-05-16,2.64,
2025-05-17,.,No value available
2025-05-18,.,No value available
2025-05-19,2.71,
2025-05-20,2.63,
2025-05-21,2.73,
2025-05-22,2.71,
2025-05-23,2.69,
2025-05-24,.,No value available
2025-05-25,.,No value available
2025-05-26,2.66,
2025-05-27,2.59,
2025-05-28,2.62,
2025-05-29,2.63,
2025-05-30,2.59,
2025-05-31,.,No value available
2025-06-01,.,No value available
2025-06-02,2.61,
2025-06-03,2.56,
2025-06-04,2.60,
2025-06-05,2.55,
2025-06-06,2.60,
2025-06-07,.,No value available
2025-06-08,.,No value available
2025-06-09,2.59,
2025-06-10,2.61,
2025-06-11,2.61,
2025-06-12,2.56,
2025-06-13,2.55,
2025-06-14,.,No value available
2025-06-15,.,No value available
2025-06-16,2.63,
2025-06-17,2.61,
2025-06-18,2.61,
2025-06-19,2.59,
2025-06-20,2.59,
2025-06-21,.,No value available
2025-06-22,.,No value available
2025-06-23,2.61,
2025-06-24,2.62,
2025-06-25,2.61,
2025-06-26,2.62,
2025-06-27,2.64,
2025-06-28,.,No value available
2025-06-29,.,No value available
2025-06-30,2.65,
2025-07-01,2.62,
2025-07-02,2.66,
2025-07-03,2.66,
2025-07-04,2.61,
2025-07-05,.,No value available
2025-07-06,.,No value available
2025-07-07,2.65,
2025-07-08,2.73,
2025-07-09,2.71,
2025-07-10,2.71,
2025-07-11,2.77,
2025-07-12,.,No value available
2025-07-13,.,No value available
2025-07-14,2.76,
2025-07-15,2.73,
2025-07-16,2.75,
2025-07-17,2.74,
2025-07-18,2.75,
2025-07-19,.,No value available
2025-07-20,.,No value available
2025-07-21,2.70,
2025-07-22,2.68,
2025-07-23,2.68,
2025-07-24,2.72,
2025-07-25,2.81,
2025-07-26,.,No value available
2025-07-27,.,No value available
2025-07-28,2.74,
2025-07-29,2.76,
2025-07-30,2.74,
2025-07-31,2.75,
2025-08-01,2.76,
2025-08-02,.,No value available
2025-08-03,.,No value available
2025-08-04,2.74,
2025-08-05,2.68,
2025-08-06,2.70,
2025-08-07,2.68,
2025-08-08,2.70,
2025-08-09,.,No value available
2025-08-10,.,No value available
2025-08-11,2.73,
2025-08-12,2.75,
2025-08-13,2.76,
2025-08-14,2.71,
2025-08-15,2.79,
2025-08-16,.,No value available
2025-08-17,.,No value available
2025-08-18,2.81,
2025-08-19,2.83,
2025-08-20,2.79,
2025-08-21,2.79,
2025-08-22,2.80,
2025-08-23,.,No value available
2025-08-24,.,No value available
2025-08-25,2.81,
2025-08-26,2.79,
2025-08-27,2.75,
2025-08-28,2.76,
2025-08-29,2.76,
2025-08-30,.,No value available
2025-08-31,.,No value available
2025-09-01,2.81,
2025-09-02,2.84,
2025-09-03,2.84,
2025-09-04,2.77,
2025-09-05,2.78,
2025-09-06,.,No value available
2025-09-07,.,No value available
2025-09-08,2.73,
2025-09-09,2.73,
2025-09-10,2.71,
2025-09-11,2.73,
2025-09-12,2.76,
2025-09-13,.,No value available
2025-09-14,.,No value available
2025-09-15,2.75,
2025-09-16,2.75,
2025-09-17,2.74,
2025-09-18,2.75,
2025-09-19,2.80,
2025-09-20,.,No value available
2025-09-21,.,No value available
2025-09-22,2.80,
2025-09-23,2.81,
2025-09-24,2.81,
2025-09-25,2.81,
2025-09-26,2.82,
2025-09-27,.,No value available
2025-09-28,.,No value available
2025-09-29,2.79,
2025-09-30,2.78,
2025-10-01,2.80,
2025-10-02,2.77,
2025-10-03,2.77,
2025-10-04,.,No value available
2025-10-05,.,No value available
2025-10-06,2.79,
2025-10-07,2.80,
2025-10-08,2.76,
2025-10-09,2.76,
2025-10-10,2.75,
2025-10-11,.,No value available
2025-10-12,.,No value available
2025-10-13,2.70,
2025-10-14,2.66,
2025-10-15,2.66,
2025-10-16,2.64,
2025-10-17,2.62,
2025-10-18,.,No value available
2025-10-19,.,No value available
2025-10-20,2.66,
2025-10-21,2.64,
2025-10-22,2.62,
2025-10-23,2.65,
2025-10-24,2.68,
2025-10-25,.,No value available
2025-10-26,.,No value available
2025-10-27,2.70,
2025-10-28,2.68,
2025-10-29,2.69,
2025-10-30,2.71,
2025-10-31,2.71,
2025-11-01,.,No value available
2025-11-02,.,No value available
2025-11-03,2.71,
2025-11-04,2.72,
2025-11-05,2.72,
2025-11-06,2.74,
2025-11-07,2.75,
2025-11-08,.,No value available
2025-11-09,.,No value available
2025-11-10,2.75,
2025-11-11,2.74,
2025-11-12,2.74,
2025-11-13,2.72,
2025-11-14,2.79,
2025-11-15,.,No value available
2025-11-16,.,No value available
2025-11-17,2.78,
2025-11-18,2.77,
2025-11-19,2.79,
2025-11-20,2.80,
2025-11-21,2.76,
2025-11-22,.,No value available
2025-11-23,.,No value available
2025-11-24,2.77,
2025-11-25,2.77,
2025-11-26,2.76,
2025-11-27,2.76,
2025-11-28,2.77,
2025-11-29,.,No value available
2025-11-30,.,No value available
2025-12-01,2.81,
2025-12-02,2.84,
2025-12-03,2.84,
2025-12-04,2.84,
2025-12-05,2.86,
2025-12-06,.,No value available
2025-12-07,.,No value available
2025-12-08,2.92,
2025-12-09,2.94,
2025-12-10,2.97,
2025-12-11,2.95,
2025-12-12,2.94,
2025-12-13,.,No value available
2025-12-14,.,No value available
2025-12-15,2.93,
2025-12-16,2.94,
2025-12-17,2.93,
2025-12-18,2.94,
2025-12-19,2.98,
2025-12-20,.,No value available
2025-12-21,.,No value available
2025-12-22,2.99,
2025-12-23,2.96,
2025-12-24,.,No value available
2025-12-25,.,No value available
2025-12-26,.,No value available
2025-12-27,.,No value available
2025-12-28,.,No value available
2025-12-29,2.94,
2025-12-30,2.94,
2025-12-31,.,No value available
2026-01-01,.,No value available
2026-01-02,2.96,
2026-01-03,.,No value available
2026-01-04,.,No value available
2026-01-05,2.99,
2026-01-06,2.95,
2026-01-07,2.89,
2026-01-08,2.93,
2026-01-09,2.92,
2026-01-10,.,No value available
2026-01-11,.,No value available
2026-01-12,2.92,
2026-01-13,2.92,
2026-01-14,2.91,
2026-01-15,2.88,
2026-01-16,2.89,
2026-01-17,.,No value available
2026-01-18,.,No value available
2026-01-19,2.90,
2026-01-20,2.95,
2026-01-21,2.93,
2026-01-22,2.93,
2026-01-23,2.96,
2026-01-24,.,No value available
2026-01-25,.,No value available
2026-01-26,2.94,
2026-01-27,2.94,
2026-01-28,2.91,
2026-01-29,2.92,
2026-01-30,2.92,
2026-01-31,.,No value available
2026-02-01,.,No value available
2026-02-02,2.92,
2026-02-03,2.95,
2026-02-04,2.95,
2026-02-05,2.94,
2026-02-06,2.90,
2026-02-07,.,No value available
2026-02-08,.,No value available
2026-02-09,2.93,
2026-02-10,2.90,
2026-02-11,2.87,
2026-02-12,2.87,
2026-02-13,2.85,
2026-02-14,.,No value available
2026-02-15,.,No value available
2026-02-16,2.84,
2026-02-17,2.81,
2026-02-18,2.81,
2026-02-19,2.83,
2026-02-20,2.81,
2026-02-21,.,No value available
2026-02-22,.,No value available
2026-02-23,2.81,
2026-02-24,2.77,
2026-02-25,2.79,
2026-02-26,2.78,
2026-02-27,2.76,
2026-02-28,.,No value available
2026-03-01,.,No value available
2026-03-02,2.73,
2026-03-03,2.86,
2026-03-04,2.82,
2026-03-05,2.85,
2026-03-06,2.91,
2026-03-07,.,No value available
2026-03-08,.,No value available
2026-03-09,2.95,
2026-03-10,2.91,
2026-03-11,2.96,
2026-03-12,3.00,
2026-03-13,3.01,
2026-03-14,.,No value available
2026-03-15,.,No value available
2026-03-16,3.02,
2026-03-17,2.99,
2026-03-18,2.95,
2026-03-19,3.05,
2026-03-20,3.06,
2026-03-21,.,No value available
2026-03-22,.,No value available
2026-03-23,3.13,
2026-03-24,3.08,
2026-03-25,3.04,
2026-03-26,3.09,
2026-03-27,3.18,
2026-03-28,.,No value available
2026-03-29,.,No value available
2026-03-30,3.16,
2026-03-31,3.10,
2026-04-01,3.03,
2026-04-02,3.10,
2026-04-03,.,No value available
2026-04-04,.,No value available
2026-04-05,.,No value available
2026-04-06,.,No value available
2026-04-07,3.07,
2026-04-08,3.00,
2026-04-09,3.07,
2026-04-10,3.11,
2026-04-11,.,No value available
2026-04-12,.,No value available
2026-04-13,3.15,
2026-04-14,3.13,
2026-04-15,3.11,
2026-04-16,3.11,
2026-04-17,3.11,
2026-04-18,.,No value available
2026-04-19,.,No value available
2026-04-20,3.07,
2026-04-21,3.05,
2026-04-22,3.08,
2026-04-23,3.11,
2026-04-24,3.11,
2026-04-25,.,No value available
2026-04-26,.,No value available
2026-04-27,3.09,
2026-04-28,3.14,
2026-04-29,3.15,
2026-04-30,3.18,
2026-05-01,.,No value available
2026-05-02,.,No value available
2026-05-03,.,No value available
2026-05-04,3.13,
2026-05-05,3.14,
2026-05-06,3.08,
2026-05-07,3.07,
2026-05-08,3.08,
2026-05-09,.,No value available
2026-05-10,.,No value available
2026-05-11,3.10,
2026-05-12,3.17,
2026-05-13,3.17,
2026-05-14,3.16,
2026-05-15,3.19,
2026-05-16,.,No value available
2026-05-17,.,No value available
2026-05-18,3.25,
2026-05-19,3.23,
2026-05-20,3.24,
2026-05-21,3.16,
2026-05-22,3.14,
2026-05-23,.,No value available
2026-05-24,.,No value available
2026-05-25,3.03,
2026-05-26,3.06,
2026-05-27,3.04,
2026-05-28,3.08,
2026-05-29,3.04,
2026-05-30,.,No value available
2026-05-31,.,No value available
2026-06-01,3.06,
2026-06-02,3.04,
2026-06-03,3.09,
2026-06-04,3.12,
2026-06-05,3.11,
2026-06-06,.,No value available
2026-06-07,.,No value available
2026-06-08,3.15,
2026-06-09,3.13,
2026-06-10,3.13,
2026-06-11,3.15,
2026-06-12,3.07,
2026-06-13,.,No value available
2026-06-14,.,No value available
2026-06-15,3.04,
2026-06-16,3.02,
2026-06-17,3.01,
2026-06-18,3.02,
2026-06-19,3.05,
2026-06-20,.,No value available
2026-06-21,.,No value available
2026-06-22,3.05,
2026-06-23,3.01,
2026-06-24,2.99,
2026-06-25,2.95,
2026-06-26,2.94,
2026-06-27,.,No value available
2026-06-28,.,No value available
2026-06-29,2.94,
2026-06-30,2.93,
2026-07-01,2.97,
2026-07-02,3.00,
2026-07-03,3.02,
2026-07-04,.,No value available
2026-07-05,.,No value available
2026-07-06,3.02,
2026-07-07,3.07,
2026-07-08,3.16,
2026-07-09,3.17,
2026-07-10,3.13,
2026-07-11,.,No value available
2026-07-12,.,No value available
2026-07-13,3.14,
2026-07-14,3.18,
2026-07-15,3.18,
2026-07-16,3.20,
2026-07-17,3.19,
2026-07-18,.,No value available
2026-07-19,.,No value available
2026-07-20,3.20,
2026-07-21,3.21,
2026-07-22,3.23,
2026-07-23,3.25,
2026-07-24,3.24,
2026-07-25,.,No value available
2026-07-26,.,No value available
2026-07-27,3.19,
2026-07-28,3.17,
2026-07-29,3.18,
2026-07-30,3.24,
2026-07-31,3.21,
2026-08-01,.,No value available
2026-08-02,.,No value available
2026-08-03,3.21,
2026-08-04,3.22,
2026-08-05,3.16,
2026-08-06,3.17,
2026-08-07,3.20,
2026-08-08,.,No value available
2026-08-09,.,No value available
2026-08-10,3.19,
2026-08-11,3.26,
2026-08-12,3.21,
2026-08-13,3.21,
2026-08-14,3.22,
2026-08-15,.,No value available
2026-08-16,.,No value available
2026-08-17,3.26,
2026-08-18,3.32,
2026-08-19,3.33,
2026-08-20,3.32,
2026-08-21,3.31,
2026-08-22,.,No value available
2026-08-23,.,No value available
2026-08-24,3.30,
2026-08-25,3.31,
2026-08-26,3.26,
2026-08-27,3.22,
2026-08-28,3.24,
2026-08-29,.,No value available
2026-08-30,.,No value available
2026-08-31,3.37,
2026-09-01,3.32,
2026-09-02,3.45,
2026-09-03,3.42,
2026-09-04,3.40,
2026-09-05,.,No value available
2026-09-06,.,No value available
2026-09-07,3.41,
2026-09-08,3.45,
2026-09-09,3.45,
2026-09-10,3.51,
2026-09-11,3.56,
2026-09-12,.,No value available
2026-09-13,.,No value available
2026-09-14,3.59,
2026-09-15,3.61,
2026-09-16,3.61,
2026-09-17,3.58,
2026-09-18,3.55,
2026-09-19,.,No value available
2026-09-20,.,No value available
2026-09-21,3.52,
2026-09-22,3.50,
2026-09-23,3.52,
2026-09-24,3.62,
2026-09-25,3.63,
2026-09-26,.,No value available
2026-09-27,.,No value available
2026-09-28,3.69,
2026-09-29,3.68,
2026-09-30,3.64,
2026-10-01,3.66,
2026-10-02,3.49,
2026-10-03,.,No value available
2026-10-04,.,No value available
2026-10-05,3.51,
2026-10-06,3.52,
