DATE,IUDMNZC
02 Jan 2024,3.6776
03 Jan 2024,3.7114
04 Jan 2024,3.7474
05 Jan 2024,3.7869
08 Jan 2024,3.8078
09 Jan 2024,3.8169
10 Jan 2024,3.8374
11 Jan 2024,3.8791
12 Jan 2024,3.8448
15 Jan 2024,3.8475
16 Jan 2024,3.8556
17 Jan 2024,4.0095
18 Jan 2024,3.9775
19 Jan 2024,3.9613
22 Jan 2024,3.9277
23 Jan 2024,4.0145
24 Jan 2024,4.0387
25 Jan 2024,4.0115
26 Jan 2024,4.0169
29 Jan 2024,3.948
30 Jan 2024,3.9555
31 Jan 2024,3.8427
01 Feb 2024,3.7828
02 Feb 2024,3.9514
05 Feb 2024,4.0681
06 Feb 2024,3.977
07 Feb 2024,3.9957
08 Feb 2024,4.0709
09 Feb 2024,4.1114
12 Feb 2024,4.0941
13 Feb 2024,4.1565
14 Feb 2024,4.0805
15 Feb 2024,4.0715
16 Feb 2024,4.127
19 Feb 2024,4.1347
20 Feb 2024,4.0751
21 Feb 2024,4.1104
22 Feb 2024,4.1092
23 Feb 2024,4.0714
26 Feb 2024,4.0935
27 Feb 2024,4.1329
28 Feb 2024,4.1356
29 Feb 2024,4.0735
01 Mar 2024,4.0525
04 Mar 2024,4.0828
05 Mar 2024,3.9553
06 Mar 2024,3.9585
07 Mar 2024,3.9555
08 Mar 2024,3.9339
11 Mar 2024,3.9233
12 Mar 2024,3.9009
13 Mar 2024,3.9657
14 Mar 2024,4.0388
15 Mar 2024,4.0523
18 Mar 2024,4.0415
19 Mar 2024,4.0077
20 Mar 2024,3.9722
21 Mar 2024,3.9509
22 Mar 2024,3.8991
25 Mar 2024,3.9538
26 Mar 2024,3.9338
27 Mar 2024,3.9078
28 Mar 2024,3.8917
02 Apr 2024,4.0494
03 Apr 2024,4.0392
04 Apr 2024,3.9755
05 Apr 2024,4.0394
08 Apr 2024,4.0553
09 Apr 2024,3.9912
10 Apr 2024,4.0934
11 Apr 2024,4.1769
12 Apr 2024,4.0902
15 Apr 2024,4.2034
16 Apr 2024,4.2578
17 Apr 2024,4.2351
18 Apr 2024,4.2164
19 Apr 2024,4.2108
22 Apr 2024,4.1684
23 Apr 2024,4.2149
24 Apr 2024,4.2923
25 Apr 2024,4.3175
26 Apr 2024,4.2794
29 Apr 2024,4.2423
30 Apr 2024,4.316
01 May 2024,4.3286
02 May 2024,4.2587
03 May 2024,4.1976
07 May 2024,4.0893
08 May 2024,4.0929
09 May 2024,4.1053
10 May 2024,4.1261
13 May 2024,4.1253
14 May 2024,4.126
15 May 2024,4.0232
16 May 2024,4.0184
17 May 2024,4.0886
20 May 2024,4.1326
21 May 2024,4.109
22 May 2024,4.1893
23 May 2024,4.219
24 May 2024,4.2137
28 May 2024,4.2294
29 May 2024,4.3476
30 May 2024,4.3253
31 May 2024,4.2693
03 Jun 2024,4.195
04 Jun 2024,4.1442
05 Jun 2024,4.1455
06 Jun 2024,4.1358
07 Jun 2024,4.2216
10 Jun 2024,4.287
11 Jun 2024,4.2327
12 Jun 2024,4.1044
13 Jun 2024,4.118
14 Jun 2024,4.0186
17 Jun 2024,4.0765
18 Jun 2024,4.0314
19 Jun 2024,4.0495
20 Jun 2024,4.0351
21 Jun 2024,4.0538
24 Jun 2024,4.0571
25 Jun 2024,4.0439
26 Jun 2024,4.1106
27 Jun 2024,4.1054
28 Jun 2024,4.1534
01 Jul 2024,4.251
02 Jul 2024,4.2249
03 Jul 2024,4.1377
04 Jul 2024,4.1771
05 Jul 2024,4.1037
08 Jul 2024,4.0866
09 Jul 2024,4.1429
10 Jul 2024,4.1106
11 Jul 2024,4.0551
12 Jul 2024,4.0936
15 Jul 2024,4.0801
16 Jul 2024,4.0528
17 Jul 2024,4.0577
18 Jul 2024,4.0243
19 Jul 2024,4.1025
22 Jul 2024,4.1173
23 Jul 2024,4.1162
24 Jul 2024,4.1302
25 Jul 2024,4.111
26 Jul 2024,4.0849
29 Jul 2024,4.0317
30 Jul 2024,4.0268
31 Jul 2024,3.9721
01 Aug 2024,3.861
02 Aug 2024,3.8364
05 Aug 2024,3.8451
06 Aug 2024,3.9
07 Aug 2024,3.9515
08 Aug 2024,3.9571
09 Aug 2024,3.9293
12 Aug 2024,3.9252
13 Aug 2024,3.8686
14 Aug 2024,3.8112
15 Aug 2024,3.9111
16 Aug 2024,3.9095
19 Aug 2024,3.9267
20 Aug 2024,3.8991
21 Aug 2024,3.8863
22 Aug 2024,3.9478
23 Aug 2024,3.8964
27 Aug 2024,3.9632
28 Aug 2024,3.9693
29 Aug 2024,3.9903
30 Aug 2024,3.971
02 Sep 2024,4.0197
03 Sep 2024,3.95
04 Sep 2024,3.8975
05 Sep 2024,3.8916
06 Sep 2024,3.857
09 Sep 2024,3.8396
10 Sep 2024,3.8099
11 Sep 2024,3.7245
12 Sep 2024,3.7585
13 Sep 2024,3.7499
16 Sep 2024,3.7344
17 Sep 2024,3.7487
18 Sep 2024,3.8254
19 Sep 2024,3.8668
20 Sep 2024,3.8943
23 Sep 2024,3.9149
24 Sep 2024,3.9146
25 Sep 2024,3.971
26 Sep 2024,3.9675
27 Sep 2024,3.9752
30 Sep 2024,3.9915
01 Oct 2024,3.9205
02 Oct 2024,4.0228
03 Oct 2024,3.9959
04 Oct 2024,4.1124
07 Oct 2024,4.1838
08 Oct 2024,4.1746
09 Oct 2024,4.1644
10 Oct 2024,4.2108
11 Oct 2024,4.2004
14 Oct 2024,4.2268
15 Oct 2024,4.1459
16 Oct 2024,4.0433
17 Oct 2024,4.0897
18 Oct 2024,4.0509
21 Oct 2024,4.1116
22 Oct 2024,4.1464
23 Oct 2024,4.2026
24 Oct 2024,4.2022
25 Oct 2024,4.1986
28 Oct 2024,4.2365
29 Oct 2024,4.2856
30 Oct 2024,4.3271
31 Oct 2024,4.4096
01 Nov 2024,4.4259
04 Nov 2024,4.4163
05 Nov 2024,4.4883
06 Nov 2024,4.5364
07 Nov 2024,4.4681
08 Nov 2024,4.4052
11 Nov 2024,4.391
12 Nov 2024,4.4459
13 Nov 2024,4.4871
14 Nov 2024,4.4712
15 Nov 2024,4.4545
18 Nov 2024,4.4537
19 Nov 2024,4.4139
20 Nov 2024,4.4565
21 Nov 2024,4.4132
22 Nov 2024,4.3735
25 Nov 2024,4.3108
26 Nov 2024,4.3366
27 Nov 2024,4.2854
28 Nov 2024,4.2583
29 Nov 2024,4.2333
02 Dec 2024,4.2086
03 Dec 2024,4.2246
04 Dec 2024,4.2243
05 Dec 2024,4.2561
06 Dec 2024,4.2633
09 Dec 2024,4.253
10 Dec 2024,4.3027
11 Dec 2024,4.3003
12 Dec 2024,4.3265
13 Dec 2024,4.3913
16 Dec 2024,4.4232
17 Dec 2024,4.4999
18 Dec 2024,4.5372
19 Dec 2024,4.5773
20 Dec 2024,4.5181
23 Dec 2024,4.5569
24 Dec 2024,4.5926
27 Dec 2024,4.6235
30 Dec 2024,4.5959
31 Dec 2024,4.5701
02 Jan 2025,4.5777
03 Jan 2025,4.5876
06 Jan 2025,4.6156
07 Jan 2025,4.6745
08 Jan 2025,4.7951
09 Jan 2025,4.7985
10 Jan 2025,4.8469
13 Jan 2025,4.8725
14 Jan 2025,4.8856
15 Jan 2025,4.7079
16 Jan 2025,4.6725
17 Jan 2025,4.6483
20 Jan 2025,4.6603
21 Jan 2025,4.5933
22 Jan 2025,4.5995
23 Jan 2025,4.6273
24 Jan 2025,4.6273
27 Jan 2025,4.5779
28 Jan 2025,4.611
29 Jan 2025,4.5984
30 Jan 2025,4.56
31 Jan 2025,4.5379
03 Feb 2025,4.4963
04 Feb 2025,4.5374
05 Feb 2025,4.4421
06 Feb 2025,4.4685
07 Feb 2025,4.4939
10 Feb 2025,4.4678
11 Feb 2025,4.5261
12 Feb 2025,4.5745
13 Feb 2025,4.49
14 Feb 2025,4.499
17 Feb 2025,4.5326
18 Feb 2025,4.5673
19 Feb 2025,4.6198
20 Feb 2025,4.6245
21 Feb 2025,4.5864
24 Feb 2025,4.5593
25 Feb 2025,4.5084
26 Feb 2025,4.5197
27 Feb 2025,4.5339
28 Feb 2025,4.4835
03 Mar 2025,4.5463
04 Mar 2025,4.4821
05 Mar 2025,4.6621
06 Mar 2025,4.6844
07 Mar 2025,4.6249
10 Mar 2025,4.605
11 Mar 2025,4.645
12 Mar 2025,4.7018
13 Mar 2025,4.6645
14 Mar 2025,4.6425
17 Mar 2025,4.6027
18 Mar 2025,4.6179
19 Mar 2025,4.6123
20 Mar 2025,4.6322
21 Mar 2025,4.676
24 Mar 2025,4.7025
25 Mar 2025,4.7294
26 Mar 2025,4.7022
27 Mar 2025,4.7699
28 Mar 2025,4.688
31 Mar 2025,4.6611
01 Apr 2025,4.6213
02 Apr 2025,4.613
03 Apr 2025,4.5004
04 Apr 2025,4.4479
07 Apr 2025,4.5989
08 Apr 2025,4.6006
09 Apr 2025,4.7415
10 Apr 2025,4.6379
11 Apr 2025,4.7442
14 Apr 2025,4.6549
15 Apr 2025,4.6421
16 Apr 2025,4.6058
17 Apr 2025,4.5617
22 Apr 2025,4.5587
23 Apr 2025,4.5594
24 Apr 2025,4.498
25 Apr 2025,4.4908
28 Apr 2025,4.5026
29 Apr 2025,4.4802
30 Apr 2025,4.4529
01 May 2025,4.4549
02 May 2025,4.4886
06 May 2025,4.5214
07 May 2025,4.4597
08 May 2025,4.5228
09 May 2025,4.5615
12 May 2025,4.6355
13 May 2025,4.6536
14 May 2025,4.7162
15 May 2025,4.6715
16 May 2025,4.6471
19 May 2025,4.665
20 May 2025,4.7065
21 May 2025,4.7623
22 May 2025,4.7744
23 May 2025,4.7174
27 May 2025,4.6919
28 May 2025,4.7275
29 May 2025,4.6661
30 May 2025,4.6712
02 Jun 2025,4.6633
03 Jun 2025,4.6274
04 Jun 2025,4.6288
05 Jun 2025,4.631
06 Jun 2025,4.647
09 Jun 2025,4.6483
10 Jun 2025,4.5591
11 Jun 2025,4.5674
12 Jun 2025,4.4966
13 Jun 2025,4.5596
16 Jun 2025,4.5418
17 Jun 2025,4.5497
18 Jun 2025,4.5103
19 Jun 2025,4.5422
20 Jun 2025,4.5475
23 Jun 2025,4.5015
24 Jun 2025,4.4648
25 Jun 2025,4.4957
26 Jun 2025,4.4864
27 Jun 2025,4.5229
30 Jun 2025,4.5139
01 Jul 2025,4.4579
02 Jul 2025,4.6122
03 Jul 2025,4.5681
04 Jul 2025,4.5742
07 Jul 2025,4.6006
08 Jul 2025,4.6553
09 Jul 2025,4.6292
10 Jul 2025,4.6239
11 Jul 2025,4.6539
14 Jul 2025,4.6351
15 Jul 2025,4.6677
16 Jul 2025,4.6728
17 Jul 2025,4.6795
18 Jul 2025,4.7167
21 Jul 2025,4.6436
22 Jul 2025,4.6051
23 Jul 2025,4.6498
24 Jul 2025,4.6671
25 Jul 2025,4.6769
28 Jul 2025,4.6816
29 Jul 2025,4.6486
30 Jul 2025,4.6307
31 Jul 2025,4.6023
01 Aug 2025,4.5727
04 Aug 2025,4.5458
05 Aug 2025,4.5375
06 Aug 2025,4.5466
07 Aug 2025,4.574
08 Aug 2025,4.6241
11 Aug 2025,4.5926
12 Aug 2025,4.6355
13 Aug 2025,4.6152
14 Aug 2025,4.6667
15 Aug 2025,4.7176
18 Aug 2025,4.7748
19 Aug 2025,4.7679
20 Aug 2025,4.7103
21 Aug 2025,4.768
22 Aug 2025,4.7271
26 Aug 2025,4.7824
27 Aug 2025,4.7658
28 Aug 2025,4.7462
29 Aug 2025,4.7688
01 Sep 2025,4.8
02 Sep 2025,4.8527
03 Sep 2025,4.8012
04 Sep 2025,4.7826
05 Sep 2025,4.698
08 Sep 2025,4.6606
09 Sep 2025,4.6802
10 Sep 2025,4.6864
11 Sep 2025,4.6563
12 Sep 2025,4.7049
15 Sep 2025,4.6805
16 Sep 2025,4.6903
17 Sep 2025,4.6686
18 Sep 2025,4.7161
19 Sep 2025,4.7672
22 Sep 2025,4.7538
23 Sep 2025,4.7433
24 Sep 2025,4.7314
25 Sep 2025,4.8004
26 Sep 2025,4.8018
29 Sep 2025,4.7588
30 Sep 2025,4.7628
01 Oct 2025,4.7559
02 Oct 2025,4.7697
03 Oct 2025,4.7535
06 Oct 2025,4.7851
07 Oct 2025,4.7946
08 Oct 2025,4.7697
09 Oct 2025,4.8086
10 Oct 2025,4.7326
13 Oct 2025,4.7242
14 Oct 2025,4.6466
15 Oct 2025,4.5964
16 Oct 2025,4.5733
17 Oct 2025,4.5963
20 Oct 2025,4.5732
21 Oct 2025,4.5433
22 Oct 2025,4.4799
23 Oct 2025,4.4792
24 Oct 2025,4.491
27 Oct 2025,4.4676
28 Oct 2025,4.4618
29 Oct 2025,4.4595
30 Oct 2025,4.4714
31 Oct 2025,4.4773
03 Nov 2025,4.5073
04 Nov 2025,4.4735
05 Nov 2025,4.5312
06 Nov 2025,4.5025
07 Nov 2025,4.5251
10 Nov 2025,4.5211
11 Nov 2025,4.4518
12 Nov 2025,4.4742
13 Nov 2025,4.5054
14 Nov 2025,4.6369
17 Nov 2025,4.6109
18 Nov 2025,4.6188
19 Nov 2025,4.6836
20 Nov 2025,4.6593
21 Nov 2025,4.6141
24 Nov 2025,4.6241
25 Nov 2025,4.5705
26 Nov 2025,4.5109
27 Nov 2025,4.5411
28 Nov 2025,4.5335
01 Dec 2025,4.5653
02 Dec 2025,4.5687
03 Dec 2025,4.5228
04 Dec 2025,4.5161
05 Dec 2025,4.5571
08 Dec 2025,4.6228
09 Dec 2025,4.591
10 Dec 2025,4.5948
11 Dec 2025,4.5568
12 Dec 2025,4.6004
15 Dec 2025,4.5715
16 Dec 2025,4.5994
17 Dec 2025,4.5527
18 Dec 2025,4.5593
19 Dec 2025,4.6023
22 Dec 2025,4.6241
23 Dec 2025,4.5939
24 Dec 2025,4.5996
29 Dec 2025,4.5751
30 Dec 2025,4.5838
31 Dec 2025,4.5716
02 Jan 2026,4.6265
05 Jan 2026,4.6033
06 Jan 2026,4.5811
07 Jan 2026,4.5104
08 Jan 2026,4.507
09 Jan 2026,4.4697
12 Jan 2026,4.465
13 Jan 2026,4.4839
14 Jan 2026,4.4482
15 Jan 2026,4.4734
16 Jan 2026,4.5004
19 Jan 2026,4.5018
20 Jan 2026,4.557
21 Jan 2026,4.5438
22 Jan 2026,4.577
23 Jan 2026,4.5921
26 Jan 2026,4.5885
27 Jan 2026,4.6178
28 Jan 2026,4.6377
29 Jan 2026,4.6062
30 Jan 2026,4.6274
02 Feb 2026,4.614
03 Feb 2026,4.6178
04 Feb 2026,4.6421
05 Feb 2026,4.6574
06 Feb 2026,4.6381
09 Feb 2026,4.648
10 Feb 2026,4.6119
11 Feb 2026,4.5991
12 Feb 2026,4.562
13 Feb 2026,4.5222
16 Feb 2026,4.5145
17 Feb 2026,4.4893
18 Feb 2026,4.4891
19 Feb 2026,4.4885
20 Feb 2026,4.4673
23 Feb 2026,4.4286
24 Feb 2026,4.4233
25 Feb 2026,4.4291
26 Feb 2026,4.3958
27 Feb 2026,4.3519
02 Mar 2026,4.4125
03 Mar 2026,4.5553
04 Mar 2026,4.4865
05 Mar 2026,4.5762
06 Mar 2026,4.7034
09 Mar 2026,4.6668
10 Mar 2026,4.5966
11 Mar 2026,4.7341
12 Mar 2026,4.8162
13 Mar 2026,4.8544
16 Mar 2026,4.7939
17 Mar 2026,4.7353
18 Mar 2026,4.785
19 Mar 2026,4.8548
20 Mar 2026,4.996
23 Mar 2026,4.9505
24 Mar 2026,4.9534
25 Mar 2026,4.8473
26 Mar 2026,4.9662
27 Mar 2026,5.0098
30 Mar 2026,4.9579
31 Mar 2026,4.9442
01 Apr 2026,4.8657
02 Apr 2026,4.8598
07 Apr 2026,4.9561
08 Apr 2026,4.748
09 Apr 2026,4.8372
10 Apr 2026,4.8493
13 Apr 2026,4.9016
14 Apr 2026,4.8307
15 Apr 2026,4.8348
16 Apr 2026,4.8873
17 Apr 2026,4.7975
20 Apr 2026,4.884
21 Apr 2026,4.9203
22 Apr 2026,4.9279
23 Apr 2026,4.9616
24 Apr 2026,4.9673
27 Apr 2026,5.0143
28 Apr 2026,5.0414
29 Apr 2026,5.0929
30 Apr 2026,5.0557
01 May 2026,5.0157
05 May 2026,5.1099
06 May 2026,4.981
07 May 2026,4.9691
08 May 2026,4.9545
11 May 2026,5.0426
12 May 2026,5.1384
13 May 2026,5.1139
14 May 2026,5.0483
15 May 2026,5.2138
18 May 2026,5.1879
19 May 2026,5.1655
20 May 2026,5.0391
21 May 2026,5.0081
22 May 2026,4.9437
26 May 2026,4.9224
27 May 2026,4.9087
28 May 2026,4.8678
29 May 2026,4.8604
01 Jun 2026,4.9496
02 Jun 2026,4.9084
03 Jun 2026,4.9677
04 Jun 2026,4.9553
05 Jun 2026,4.9525
08 Jun 2026,4.9883
09 Jun 2026,4.9634
10 Jun 2026,4.9769
11 Jun 2026,4.9548
12 Jun 2026,4.8997
15 Jun 2026,4.8767
16 Jun 2026,4.8627
17 Jun 2026,4.8235
18 Jun 2026,4.8001
19 Jun 2026,4.8984
22 Jun 2026,4.862
23 Jun 2026,4.8097
24 Jun 2026,4.7438
25 Jun 2026,4.7626
26 Jun 2026,4.795
29 Jun 2026,4.7814
30 Jun 2026,4.8267
01 Jul 2026,4.8301
02 Jul 2026,4.837
03 Jul 2026,4.8535
06 Jul 2026,4.8582
07 Jul 2026,4.8973
08 Jul 2026,5.0356
09 Jul 2026,4.9751
10 Jul 2026,4.9512
13 Jul 2026,5.0282
14 Jul 2026,5.0141
15 Jul 2026,5.0138
16 Jul 2026,5.0376
17 Jul 2026,5.0139
20 Jul 2026,5.0939
21 Jul 2026,5.093
22 Jul 2026,5.1032
23 Jul 2026,5.1683
24 Jul 2026,5.0991
27 Jul 2026,5.0489
28 Jul 2026,5.0186
29 Jul 2026,5.0779
30 Jul 2026,5.078
31 Jul 2026,5.104
03 Aug 2026,5.021
04 Aug 2026,4.9872
05 Aug 2026,4.9563
06 Aug 2026,4.9939
07 Aug 2026,4.9945
10 Aug 2026,5.0529
11 Aug 2026,5.0274
12 Aug 2026,5.0438
13 Aug 2026,5.0269
14 Aug 2026,5.0931
17 Aug 2026,5.1271
18 Aug 2026,5.1514
19 Aug 2026,5.1237
20 Aug 2026,5.1276
21 Aug 2026,5.134
24 Aug 2026,5.1318
25 Aug 2026,5.0775
26 Aug 2026,5.0929
27 Aug 2026,5.1055
28 Aug 2026,5.141
01 Sep 2026,5.2068
02 Sep 2026,5.2416
03 Sep 2026,5.1575
04 Sep 2026,5.1425
07 Sep 2026,5.1775
08 Sep 2026,5.1626
09 Sep 2026,5.2493
10 Sep 2026,5.3572
11 Sep 2026,5.3483
14 Sep 2026,5.3882
15 Sep 2026,5.3861
16 Sep 2026,5.2876
17 Sep 2026,5.2074
18 Sep 2026,5.2899
21 Sep 2026,5.1935
22 Sep 2026,5.2113
23 Sep 2026,5.3055
24 Sep 2026,5.3613
25 Sep 2026,5.3842
28 Sep 2026,5.4123
29 Sep 2026,5.3807
30 Sep 2026,5.4028
01 Oct 2026,5.424
02 Oct 2026,5.354
