Date,SPY,RSP,^SPXEW,^SP500EW,NG=F,HO=F,RB=F,CL=F,BZ=F,XHB,ITB,^TNX
1985-01,,,,,,,,,,,,11.170000076293945
1985-02,,,,,,,,,,,,11.90999984741211
1985-03,,,,,,,,,,,,11.649999618530273
1985-04,,,,,,,,,,,,11.40999984741211
1985-05,,,,,,,,,,,,10.279999732971191
1985-06,,,,,,,,,,,,10.25
1985-07,,,,,,,,,,,,10.569999694824219
1985-08,,,,,,,,,,,,10.279999732971191
1985-09,,,,,,,,,,,,10.3100004196167
1985-10,,,,,,,,,,,,10.010000228881836
1985-11,,,,,,,,,,,,9.59000015258789
1985-12,,,,,,,,,,,,9.0
1986-01,,,,,,,,,,,,9.079999923706055
1986-02,,,,,,,,,,,,8.130000114440918
1986-03,,,,,,,,,,,,7.389999866485596
1986-04,,,,,,,,,,,,7.380000114440918
1986-05,,,,,,,,,,,,8.050000190734863
1986-06,,,,,,,,,,,,7.349999904632568
1986-07,,,,,,,,,,,,7.340000152587891
1986-08,,,,,,,,,,,,6.949999809265137
1986-09,,,,,,,,,,,,7.449999809265137
1986-10,,,,,,,,,,,,7.340000152587891
1986-11,,,,,,,,,,,,7.150000095367432
1986-12,,,,,,,,,,,,7.230000019073486
1987-01,,,,,,,,,,,,7.179999828338623
1987-02,,,,,,,,,,,,7.190000057220459
1987-03,,,,,,,,,,,,7.510000228881836
1987-04,,,,,,,,,,,,8.210000038146973
1987-05,,,,,,,,,,,,8.489999771118164
1987-06,,,,,,,,,,,,8.380000114440918
1987-07,,,,,,,,,,,,8.65999984741211
1987-08,,,,,,,,,,,,9.0
1987-09,,,,,,,,,,,,9.630000114440918
1987-10,,,,,,,,,,,,8.880000114440918
1987-11,,,,,,,,,,,,8.989999771118164
1987-12,,,,,,,,,,,,8.829999923706055
1988-01,,,,,,,,,,,,8.260000228881836
1988-02,,,,,,,,,,,,8.15999984741211
1988-03,,,,,,,,,,,,8.569999694824219
1988-04,,,,,,,,,,,,8.869999885559082
1988-05,,,,,,,,,,,,9.199999809265137
1988-06,,,,,,,,,,,,8.819999694824219
1988-07,,,,,,,,,,,,9.119999885559082
1988-08,,,,,,,,,,,,9.25
1988-09,,,,,,,,,,,,8.869999885559082
1988-10,,,,,,,,,,,,8.649999618530273
1988-11,,,,,,,,,,,,9.0600004196167
1988-12,,,,,,,,,,,,9.140000343322754
1989-01,,,,,,,,,,,,9.010000228881836
1989-02,,,,,,,,,,,,9.319999694824219
1989-03,,,,,,,,,,,,9.300000190734863
1989-04,,,,,,,,,,,,9.020000457763672
1989-05,,,,,,,,,,,,8.600000381469727
1989-06,,,,,,,,,,,,8.100000381469727
1989-07,,,,,,,,,,,,7.820000171661377
1989-08,,,,,,,,,,,,8.260000228881836
1989-09,,,,,,,,,,,,8.3100004196167
1989-10,,,,,,,,,,,,7.920000076293945
1989-11,,,,,,,,,,,,7.840000152587891
1989-12,,,,,,,,,,,,7.929999828338623
1990-01,,,,,,,,,,,,8.430000305175781
1990-02,,,,,,,,,,,,8.510000228881836
1990-03,,,,,,,,,,,,8.649999618530273
1990-04,,,,,,,,,,,,9.039999961853027
1990-05,,,,,,,,,,,,8.600000381469727
1990-06,,,,,,,,,,,,8.430000305175781
1990-07,,,,,,,,,,,,8.359999656677246
1990-08,,,,,,,,,,,,8.859999656677246
1990-09,,,,,,,,,,,,8.819999694824219
1990-10,,,,,,,,,,,,8.649999618530273
1990-11,,,,,,,,,,,,8.260000228881836
1990-12,,,,,,,,,,,,8.079999923706055
1991-01,,,,,,,,,,,,8.029999732971191
1991-02,,,,,,,,,,,,8.020000457763672
1991-03,,,,,,,,,,,,8.050000190734863
1991-04,,,,,,,,,,,,8.020000457763672
1991-05,,,,,,,,,,,,8.0600004196167
1991-06,,,,,,,,,,,,8.239999771118164
1991-07,,,,,,,,,,,,8.199999809265137
1991-08,,,,,,,,,,,,7.820000171661377
1991-09,,,,,,,,,,,,7.46999979019165
1991-10,,,,,,,,,,,,7.46999979019165
1991-11,,,,,,,,,,,,7.380000114440918
1991-12,,,,,,,,,,,,6.710000038146973
1992-01,,,,,,,,,,,,7.309999942779541
1992-02,,,,,,,,,,,,7.269999980926514
1992-03,,,,,,,,,,,,7.539999961853027
1992-04,,,,,,,,,,,,7.610000133514404
1992-05,,,,,,,,,,,,7.329999923706055
1992-06,,,,,,,,,,,,7.139999866485596
1992-07,,,,,,,,,,,,6.71999979019165
1992-08,,,,,,,,,,,,6.619999885559082
1992-09,,,,,,,,,,,,6.369999885559082
1992-10,,,,,,,,,,,,6.800000190734863
1992-11,,,,,,,,,,,,6.949999809265137
1992-12,,,,,,,,,,,,6.699999809265137
1993-01,24.05353546142578,,,,,,,,,,,6.389999866485596
1993-02,24.310142517089844,,,,,,,,,,,6.03000020980835
1993-03,24.854679107666016,,,,,,,,,,,6.03000020980835
1993-04,24.21870994567871,,,,,,,,,,,6.050000190734863
1993-05,24.871870040893555,,,,,,,,,,,6.159999847412109
1993-06,24.961580276489258,,,,,,,,,,,5.800000190734863
1993-07,24.840417861938477,,,,,,,,,,,5.829999923706055
1993-08,25.792478561401367,,,,,,,,,,,5.449999809265137
1993-09,25.60482406616211,,,,,,,,,,,5.400000095367432
1993-10,26.109947204589844,,,,,,,,,,,5.388000011444092
1993-11,25.83125114440918,,,,,,,,,,,5.795000076293945
1993-12,26.14839744567871,,,,,,,,,,,5.7829999923706055
1994-01,27.060335159301758,,,,,,,,,,,5.638000011444092
1994-02,26.27115249633789,,,,,,,,,,,6.150000095367432
1994-03,25.170347213745117,,,,,,,,,,,6.77400016784668
1994-04,25.452573776245117,,,,,,,,,,,7.034999847412109
1994-05,25.85825538635254,,,,,,,,,,,7.1519999504089355
1994-06,25.265745162963867,,,,,,,,,,,7.328999996185303
1994-07,26.082475662231445,,,,,,,,,,,7.09499979019165
1994-08,27.076772689819336,,,,,,,,,,,7.164999961853027
1994-09,26.392946243286133,,,,,,,,,,,7.598999977111816
1994-10,27.14320945739746,,,,,,,,,,,7.793000221252441
1994-11,26.062490463256836,,,,,,,,,,,7.888000011444092
1994-12,26.252277374267578,,,,,,,,,,,7.827000141143799
1995-01,27.134559631347656,,,,,,,,,,,7.5929999351501465
1995-02,28.241918563842773,,,,,,,,,,,7.210000038146973
1995-03,29.02838897705078,,,,,,,,,,,7.189000129699707
1995-04,29.888290405273438,,,,,,,,,,,7.046000003814697
1995-05,31.074033737182617,,,,,,,,,,,6.285999774932861
1995-06,31.702667236328125,,,,,,,,,,,6.203000068664551
1995-07,32.722389221191406,,,,,,,,,,,6.428999900817871
1995-08,32.868072509765625,,,,,,,,,,,6.2729997634887695
1995-09,34.26087951660156,,,,,,,,,,,6.1570000648498535
1995-10,34.160194396972656,,,,,,,,,,,6.002999782562256
1995-11,35.67964553833008,,,,,,,,,,,5.744999885559082
1995-12,36.240997314453125,,,,,,,,,,,5.574999809265137
1996-01,37.5303840637207,,,,,,,,,,,5.580999851226807
1996-02,37.650123596191406,,,,,,,,,,,6.111999988555908
1996-03,38.29838562011719,,,,,,,,,,,6.334000110626221
1996-04,38.71466827392578,,,,,,,,,,,6.632999897003174
1996-05,39.593482971191406,,,,,,,,,,,6.843999862670898
1996-06,39.94278335571289,,,,,,,,,,,6.710999965667725
1996-07,38.147918701171875,,,,,,,,,,,6.789999961853027
1996-08,38.882606506347656,,,,,,,,,,,6.935999870300293
1996-09,41.05507278442383,,,,,,,,,,,6.698999881744385
1996-10,42.38242721557617,,,,,,,,,,,6.348999977111816
1996-11,45.47651290893555,,,,,,,,,,,6.039999961853027
1996-12,44.39429473876953,,,,,,,,,,,6.4070000648498535
1997-01,47.137237548828125,,,,,,,,,,,6.502999782562256
1997-02,47.58816909790039,,,,,,,,,,,6.534999847412109
1997-03,45.4884147644043,,,,,,,,,,,6.9070000648498535
1997-04,48.33616256713867,,,,,,,,,,,6.702000141143799
1997-05,51.39137268066406,,,,,,,,,,,6.663000106811523
1997-06,53.503639221191406,,,,,,,,,,,6.501999855041504
1997-07,57.74459457397461,,,,,,,,,,,6.004000186920166
1997-08,54.75321960449219,,,,,,,,,,,6.329999923706055
1997-09,57.386329650878906,,,,,,,,,,,6.10699987411499
1997-10,55.98018264770508,,,,,,,,,,,5.818999767303467
1997-11,58.14641571044922,,,,,,,,,,,5.85099983215332
1997-12,59.25537872314453,,,,,,,,,,,5.738999843597412
1998-01,60.018470764160156,,,,,,,,,,,5.51200008392334
1998-02,64.17741394042969,,,,,,,,,,,5.616000175476074
1998-03,67.3082046508789,,,,,,,,,,,5.6620001792907715
1998-04,68.16917419433594,,,,,,,,,,,5.666999816894531
1998-05,66.75335693359375,,,,,,,,,,,5.546000003814697
1998-06,69.59528350830078,,,,,,,,,,,5.434000015258789
1998-07,68.65483856201172,,,,,,,,,,,5.49399995803833
1998-08,58.962127685546875,,,,,,,,,,,5.0320000648498535
1998-09,62.71445846557617,,,,,,,,,,,4.409999847412109
1998-10,67.79945373535156,,,,,,,,,,,4.603000164031982
1998-11,71.57463073730469,,,,,,,,,,,4.72599983215332
1998-12,76.2571792602539,,,,,,,,,,,4.638000011444092
1999-01,78.94337463378906,,,,,,,,,,,4.6529998779296875
1999-02,76.41175079345703,,,,,,,,,,,5.271999835968018
1999-03,79.58045959472656,,,,,,,,,,,5.234000205993652
1999-04,82.60246276855469,,,,,,,,,,,5.349999904632568
1999-05,80.71369934082031,,,,,,,,,,,5.611000061035156
1999-06,85.18350982666016,,,,,,,,,,,5.809999942779541
1999-07,82.54093170166016,,,,,,,,,,,5.9070000648498535
1999-08,82.11346435546875,,,,,,,,,,,5.979000091552734
1999-09,80.27930450439453,,,,,,,,,,,5.885000228881836
1999-10,85.42342376708984,,,,,,,,,,,6.002999782562256
1999-11,86.8458023071289,,,,,,,,,,,6.163000106811523
1999-12,91.80552673339844,,,,,,,,,,,6.434999942779541
2000-01,87.23478698730469,,,,,,,,,,,6.666999816894531
2000-02,85.90653228759766,,,,,,,,,,,6.408999919891357
2000-03,94.23213958740234,,,,,,,,,,,6.0229997634887695
2000-04,90.9226303100586,,,,,,,,,,,6.214000225067139
2000-05,89.49310302734375,,,,,,,,,,,6.284999847412109
2000-06,91.25450134277344,,,,,,,,,,,6.01800012588501
2000-07,89.82161712646484,,,,,,,,,,,6.0289998054504395
2000-08,95.69061279296875,,,,4.78000020980835,,,33.099998474121094,,,,5.729000091552734
2000-09,90.4408187866211,,,,5.199999809265137,0.9300000071525574,,30.860000610351562,,,,5.7779998779296875
2000-10,90.01774597167969,,,,,,,,,,,5.756999969482422
2000-11,83.29765319824219,,,,6.579999923706055,1.0499999523162842,0.8799999952316284,33.79999923706055,,,,5.439000129699707
2000-12,82.8623046875,,,,9.774999618530273,0.9065999984741211,0.7857999801635742,26.799999237060547,,,,5.110000133514404
2001-01,86.5462646484375,,,,5.650000095367432,0.7950000166893005,0.8600000143051147,28.700000762939453,,,,5.178999900817871
2001-02,78.29084777832031,,,,5.244999885559082,0.7225000262260437,0.7889999747276306,27.420000076293945,,,,4.9079999923706055
2001-03,73.90367126464844,,,,5.03000020980835,0.7045000195503235,0.9229999780654907,26.399999618530273,,,,4.914999961853027
2001-04,80.21798706054688,,,,,,,,,,,5.3379998207092285
2001-05,79.768310546875,,,,3.9140000343322754,0.7795000076293945,1.0631999969482422,28.3700008392334,,,,5.413000106811523
2001-06,77.86748504638672,,,,3.0959999561309814,0.7124999761581421,0.7210999727249146,26.25,,,,5.389999866485596
2001-07,77.07356262207031,,,,,,,,,,,5.0370001792907715
2001-08,72.50061798095703,,,,2.380000114440918,0.7663000226020813,0.8057000041007996,27.200000762939453,,,,4.815999984741211
2001-09,66.58235931396484,,,,2.24399995803833,0.6635000109672546,0.6798999905586243,23.43000030517578,,,,4.574999809265137
2001-10,67.44934844970703,,,,3.2909998893737793,0.5978999733924866,0.552299976348877,21.18000030517578,,,,4.263000011444092
2001-11,72.70887756347656,,,,2.7009999752044678,0.5322999954223633,0.5343000292778015,19.440000534057617,,,,4.74399995803833
2001-12,73.1189193725586,,,,2.569999933242798,0.5507000088691711,0.5724999904632568,19.84000015258789,,,,5.0320000648498535
2002-01,72.4024429321289,,,,2.1500000953674316,0.5321999788284302,0.5659999847412109,19.479999542236328,,,,5.025000095367432
2002-02,71.10382080078125,,,,2.3550000190734863,0.5699999928474426,0.5879999995231628,21.850000381469727,,,,4.859000205993652
2002-03,73.46946716308594,,,,3.244999885559082,0.6690000295639038,0.828000009059906,26.229999542236328,,,,5.406000137329102
2002-04,69.19683074951172,,,,3.765000104904175,0.6859999895095825,0.8109999895095825,27.290000915527344,,,,5.091000080108643
2002-05,68.78623962402344,,,,3.2170000076293945,0.6309999823570251,0.75,25.350000381469727,,,,5.043000221252441
2002-06,63.70928955078125,,,,3.244999885559082,0.6796000003814697,0.7937999963760376,26.860000610351562,,,,4.823999881744385
2002-07,58.687721252441406,,,,2.9539999961853027,0.6764000058174133,0.830299973487854,27.020000457763672,,,,4.465000152587891
2002-08,59.086910247802734,,,,3.2960000038146973,0.748199999332428,0.8141999840736389,28.979999542236328,,,,4.13700008392334
2002-09,52.891475677490234,,,,,,,,,,,3.6070001125335693
2002-10,57.24360275268555,,,,4.156000137329102,0.7437999844551086,0.9100000262260437,27.219999313354492,,,,3.9110000133514404
2002-11,60.77446746826172,,,,4.199999809265137,0.757099986076355,0.7343000173568726,26.889999389648438,,,,4.2129998207092285
2002-12,57.33644104003906,,,,,,,,,,,3.818000078201294
2003-01,55.92628479003906,,,,5.605000019073486,0.9588000178337097,0.975600004196167,33.5099983215332,,,,3.9749999046325684
2003-02,55.172454833984375,,,,8.10099983215332,1.2559000253677368,1.0377000570297241,36.599998474121094,,,,3.696000099182129
2003-03,55.29051208496094,,,,5.059999942779541,0.7924000024795532,0.9444000124931335,31.040000915527344,,,,3.822999954223633
2003-04,59.9687385559082,,,,5.385000228881836,0.7613999843597412,0.8428000211715698,25.799999237060547,,,,3.8570001125335693
2003-05,63.2571907043457,19.525625228881836,,,6.25,0.7541999816894531,0.8676999807357788,29.559999465942383,,,,3.3499999046325684
2003-06,63.93097686767578,19.694656372070312,,,,,,,,,,3.5280001163482666
2003-07,65.08346557617188,20.158184051513672,,,4.7179999351501465,0.7932999730110168,0.9016000032424927,30.540000915527344,,,,4.473999977111816
2003-08,66.42588806152344,21.027734756469727,,,4.730999946594238,0.8187000155448914,1.093000054359436,31.56999969482422,,,,4.453999996185303
2003-09,65.70140838623047,20.716201782226562,,,4.829999923706055,0.7778000235557556,0.8827999830245972,29.200000762939453,,,,3.937000036239624
2003-10,69.21820831298828,22.150522232055664,,,4.89300012588501,0.7857999801635742,0.8033999800682068,29.110000610351562,,,,4.301000118255615
2003-11,69.97417449951172,22.618114471435547,,,4.925000190734863,0.8349000215530396,0.8366000056266785,30.40999984741211,,,,4.320000171661377
2003-12,73.49481964111328,23.789775848388672,,,6.189000129699707,0.9126999974250793,0.9491999745368958,32.52000045776367,,,,4.256999969482422
2004-01,74.94776153564453,24.353586196899414,,,5.396999835968018,0.9314000010490417,0.9900000095367432,33.04999923706055,,,,4.138000011444092
2004-02,75.96479034423828,24.817249298095703,,,,,,,,,,3.9839999675750732
2004-03,74.95866394042969,24.648143768310547,,,5.933000087738037,0.8863999843597412,1.149999976158142,35.7599983215332,,,,3.8369998931884766
2004-04,73.54034423828125,24.067157745361328,,,5.861999988555908,0.9535999894142151,1.25,37.380001068115234,,,,4.500999927520752
2004-05,74.79957580566406,24.487943649291992,,,6.441999912261963,0.9991999864578247,1.4366999864578247,39.880001068115234,,,,4.65500020980835
2004-06,76.18350982666016,25.231761932373047,,,6.15500020980835,1.0054999589920044,1.159999966621399,37.04999923706055,,,,4.617000102996826
2004-07,73.72895812988281,24.077390670776367,,,6.111999988555908,1.1568000316619873,1.2994999885559082,43.79999923706055,,,,4.474999904632568
2004-08,73.90856170654297,24.05268669128418,,,,,,,,,,4.131999969482422
2004-09,74.65037536621094,24.670284271240234,,,6.795000076293945,1.391700029373169,1.3444000482559204,49.63999938964844,,,,4.11899995803833
2004-10,75.61222839355469,25.2559814453125,,,8.725000381469727,1.4462000131607056,1.3324999809265137,51.7599983215332,,,,4.0289998054504395
2004-11,78.97825622558594,26.71934700012207,,,7.619999885559082,1.392699956893921,1.2640000581741333,49.130001068115234,,,,4.357999801635742
2004-12,81.3572006225586,27.710147857666016,,,6.14900016784668,1.229699969291687,1.0887000560760498,43.45000076293945,,,,4.216000080108643
2005-01,79.53309631347656,26.856618881225586,,,6.321000099182129,1.3308000564575195,1.3177000284194946,48.20000076293945,,,,4.132999897003174
2005-02,81.19566345214844,27.427997589111328,,,6.730000019073486,1.4914000034332275,1.2455999851226807,51.75,,,,4.359000205993652
2005-03,79.71034240722656,27.05389404296875,,,7.6529998779296875,1.6576000452041626,1.6548999547958374,55.400001525878906,,,,4.495999813079834
2005-04,78.21695709228516,26.189502716064453,,,6.585000038146973,1.4357999563217163,1.493299961090088,49.720001220703125,,,,4.201000213623047
2005-05,80.73748016357422,27.366920471191406,,,,,,,,,,4.00600004196167
2005-06,80.85978698730469,27.787492752075195,,,6.980999946594238,1.6190999746322632,1.572100043296814,56.5,,,,3.944999933242798
2005-07,83.95358276367188,29.206642150878906,,,7.885000228881836,1.636199951171875,1.738700032234192,60.56999969482422,,,,4.285999774932861
2005-08,83.16658782958984,28.951690673828125,,,11.472000122070312,2.052999973297119,2.614500045776367,68.94000244140625,,,,4.019999980926514
2005-09,83.83403015136719,29.096025466918945,,,13.920999526977539,2.0673000812530518,2.1380999088287354,66.23999786376953,,,,4.328000068664551
2005-10,81.85128021240234,28.316640853881836,,,12.204999923706055,1.7697999477386475,1.5261000394821167,59.7599983215332,,,,4.559000015258789
2005-11,85.44886016845703,29.605472564697266,,,12.630000114440918,1.6164000034332275,1.4249000549316406,57.31999969482422,,,,4.5
2005-12,85.28536987304688,29.763103485107422,,,11.225000381469727,1.7280000448226929,1.7400000095367432,61.040000915527344,,,,4.394999980926514
2006-01,87.33338928222656,30.961301803588867,,,,,,,,,,4.5269999504089355
2006-02,87.83341979980469,31.065353393554688,,,6.714000225067139,1.7120000123977661,1.5442999601364136,61.40999984741211,,36.5787353515625,,4.546999931335449
2006-03,89.28300476074219,31.71684455871582,,,7.210000038146973,1.861799955368042,2.064500093460083,66.62999725341797,,36.64876937866211,,4.853000164031982
2006-04,90.41083526611328,31.990154266357422,,,6.554999828338623,2.0129001140594482,2.2100000381469727,71.87999725341797,,34.707801818847656,,5.068999767303467
2006-05,87.68756866455078,31.04078483581543,,,6.383999824523926,1.9605000019073486,2.2873001098632812,71.29000091552734,,30.05606460571289,36.602561950683594,5.11299991607666
2006-06,87.9162826538086,30.95345115661621,,,6.085000038146973,1.9642000198364258,2.3931000232696533,73.9800033569336,,27.856914520263672,33.746761322021484,5.138000011444092
2006-07,88.30996704101562,30.542272567749023,,,8.211000442504883,1.967900037765503,2.349600076675415,74.4000015258789,,25.46308135986328,30.035226821899414,4.98799991607666
2006-08,90.23714447021484,31.379043579101562,,,6.047999858856201,1.954200029373169,1.8207000494003296,70.26000213623047,,25.741817474365234,30.68666648864746,4.73199987411499
2006-09,92.67369079589844,32.13087844848633,,,5.619999885559082,1.6845999956130981,1.5631999969482422,62.90999984741211,,26.886999130249023,31.771446228027344,4.632999897003174
2006-10,95.59442138671875,33.33887481689453,,,,,,,,28.185325622558594,33.39436721801758,4.605999946594238
2006-11,97.49539184570312,34.170738220214844,,,8.843999862670898,1.8133000135421753,1.7023999691009521,63.130001068115234,,30.40399932861328,36.0734748840332,4.458000183105469
2006-12,98.79904174804688,34.364013671875,1891.77001953125,1891.77001953125,6.298999786376953,1.5979000329971313,1.6021000146865845,61.04999923706055,,30.775379180908203,36.44055938720703,4.710000038146973
2007-01,100.28497314453125,35.191551208496094,1935.3800048828125,1935.3800048828125,7.666999816894531,1.6546000242233276,1.5009000301361084,58.13999938964844,,31.47499656677246,36.68996810913086,4.826000213623047
2007-02,98.31761169433594,35.024574279785156,1925.8800048828125,1925.8800048828125,7.300000190734863,1.780400037765503,1.847599983215332,61.790000915527344,,29.35965347290039,33.413177490234375,4.550000190734863
2007-03,99.45703125,35.31326675415039,1938.52001953125,1938.52001953125,7.730000019073486,1.8794000148773193,2.1115000247955322,65.87000274658203,,26.86346435546875,29.425670623779297,4.6479997634887695
2007-04,103.862548828125,36.869808197021484,2021.2099609375,2021.2099609375,,,,,,28.19218635559082,31.148990631103516,4.630000114440918
2007-05,107.38556671142578,38.06269073486328,2084.739990234375,2084.739990234375,7.934999942779541,1.882699966430664,2.251199960708618,64.01000213623047,,29.430118560791016,32.08820724487305,4.889999866485596
2007-06,105.81552124023438,37.35648727416992,2045.1700439453125,2045.1700439453125,6.7729997634887695,2.031899929046631,2.2941999435424805,70.68000030517578,,24.994890213012695,27.032777786254883,5.0329999923706055
2007-07,102.50241088867188,35.67108154296875,1951.3699951171875,1951.3699951171875,,,,,,21.877763748168945,22.931665420532227,4.770999908447266
2007-08,103.81781768798828,35.70026397705078,1951.5999755859375,1951.5999755859375,5.4679999351501465,2.0422000885009766,2.0518999099731445,74.04000091552734,72.69000244140625,20.546581268310547,20.410564422607422,4.5370001792907715
2007-09,107.8370361328125,36.589202880859375,1998.1700439453125,1998.1700439453125,6.869999885559082,2.2379000186920166,2.0683000087738037,81.66000366210938,79.16999816894531,17.74233055114746,17.204856872558594,4.578999996185303
2007-10,109.29999542236328,36.999088287353516,2022.3800048828125,2022.3800048828125,8.329999923706055,2.5078001022338867,2.3399999141693115,94.52999877929688,90.62999725341797,18.380733489990234,18.08804702758789,4.474999904632568
2007-11,105.06654357910156,35.279048919677734,1921.780029296875,1921.780029296875,7.302000045776367,2.529599905014038,2.2590999603271484,88.70999908447266,88.26000213623047,15.793992042541504,14.849681854248047,3.9719998836517334
2007-12,103.88343811035156,34.67608642578125,1891.2099609375,1891.2099609375,7.482999801635742,2.644399881362915,2.475800037384033,95.9800033569336,93.8499984741211,16.110023498535156,15.346649169921875,4.034999847412109
2008-01,97.60250854492188,33.1840934753418,1805.969970703125,1805.969970703125,8.074000358581543,2.5344998836517334,2.3090999126434326,91.75,92.20999908447266,18.31630516052246,18.210546493530273,3.6389999389648438
2008-02,95.08020782470703,32.184513092041016,1742.06005859375,1742.06005859375,9.366000175476074,2.8396999835968018,2.5123000144958496,101.83999633789062,100.0999984741211,16.98420524597168,16.103973388671875,3.5339999198913574
2008-03,94.23001098632812,31.58753776550293,1720.6800537109375,1720.6800537109375,10.10099983215332,3.0492000579833984,2.616300106048584,101.58000183105469,100.30000305175781,18.107969284057617,17.552305221557617,3.431999921798706
2008-04,98.72119140625,33.39529037475586,1809.7099609375,1809.7099609375,10.843000411987305,3.177000045776367,2.9312000274658203,113.45999908447266,111.36000061035156,18.46696662902832,17.595993041992188,3.759000062942505
2008-05,100.21354675292969,34.28071594238281,1854.8299560546875,1854.8299560546875,11.70300006866455,3.6598000526428223,3.408900022506714,127.3499984741211,127.77999877929688,16.64698028564453,15.088523864746094,4.046000003814697
2008-06,91.83810424804688,30.906681060791016,1670.6500244140625,1670.6500244140625,,,,,,13.804119110107422,12.553146362304688,3.9790000915527344
2008-07,91.01285552978516,30.751190185546875,1660.8299560546875,1660.8299560546875,9.119000434875488,3.438699960708618,3.0480000972747803,124.08000183105469,123.9800033569336,14.761921882629395,13.562664031982422,3.9790000915527344
2008-08,92.41935729980469,31.66193962097168,1706.5799560546875,1706.5799560546875,7.942999839782715,3.1819000244140625,3.0099000930786133,115.45999908447266,114.05000305175781,16.576698303222656,14.510733604431152,3.812999963760376
2008-09,83.71588134765625,28.21244239807129,1530.5400390625,1530.5400390625,7.438000202178955,2.863600015640259,2.4846999645233154,100.63999938964844,98.16999816894531,16.60763168334961,15.816593170166016,3.8269999027252197
2008-10,69.88710021972656,22.3140926361084,1206.9300537109375,1206.9300537109375,6.7829999923706055,2.0062999725341797,1.4413000345230103,67.80999755859375,65.31999969482422,11.854146957397461,10.911337852478027,3.9700000286102295
2008-11,65.02254486083984,20.164499282836914,1088.6300048828125,1088.6300048828125,6.510000228881836,1.673699975013733,1.1461999416351318,54.43000030517578,53.4900016784668,10.013545989990234,8.859407424926758,2.9570000171661377
2008-12,65.65953063964844,20.786447525024414,1115.93994140625,1115.93994140625,5.622000217437744,1.4056999683380127,1.0082000494003296,44.599998474121094,45.59000015258789,10.19008731842041,8.750062942504883,2.24399995803833
2009-01,60.26792907714844,19.05175018310547,1026.8800048828125,1026.8800048828125,4.416999816894531,1.4537999629974365,1.2689000368118286,41.68000030517578,45.880001068115234,8.744080543518066,7.697552680969238,2.8440001010894775
2009-02,53.79219055175781,16.91329002380371,908.4000244140625,908.4000244140625,,,,,,7.919009208679199,6.627211093902588,3.0409998893737793
2009-03,58.27367401123047,18.64527130126953,1001.6300048828125,1001.6300048828125,,,,,,9.07504653930664,7.795670986175537,2.684999942779541
2009-04,64.06291961669922,22.13043212890625,1187.5799560546875,1187.5799560546875,3.372999906539917,1.3147000074386597,1.4742000102996826,51.119998931884766,51.959999084472656,11.587347984313965,9.998800277709961,3.124000072479248
2009-05,67.8076400756836,23.560640335083008,1260.6700439453125,1260.6700439453125,3.8350000381469727,1.6418999433517456,1.930999994277954,66.30999755859375,65.5199966430664,10.322653770446777,8.874935150146484,3.4649999141693115
2009-06,67.76324462890625,23.278797149658203,1246.8199462890625,1246.8199462890625,3.8350000381469727,1.718000054359436,1.8971999883651733,69.88999938964844,69.30000305175781,10.07591724395752,8.789154052734375,3.5230000019073486
2009-07,72.81876373291016,25.417034149169922,1361.489990234375,1361.489990234375,3.6530001163482666,1.7937999963760376,2.044800043106079,69.44999694824219,71.69999694824219,12.254035949707031,10.847716331481934,3.500999927520752
2009-08,75.50865936279297,26.85260581970215,1434.6300048828125,1434.6300048828125,2.9769999980926514,1.7791999578475952,1.9859000444412231,69.95999908447266,69.6500015258789,13.300214767456055,11.760642051696777,3.4010000228881836
2009-09,78.18597412109375,28.27198600769043,1509.0799560546875,1509.0799560546875,4.841000080108643,1.7960000038146973,1.7259000539779663,70.61000061035156,69.06999969482422,12.91419506072998,11.033392906188965,3.306999921798706
2009-10,76.68281555175781,27.22600746154785,1455.7900390625,1455.7900390625,5.045000076293945,1.9810999631881714,1.9431999921798706,77.0,75.19999694824219,11.848748207092285,9.984724044799805,3.3919999599456787
2009-11,81.40703582763672,28.734359741210938,1530.719970703125,1530.719970703125,,,,,,12.312731742858887,10.262575149536133,3.2009999752044678
2009-12,82.96195220947266,30.05974578857422,1598.68994140625,1598.68994140625,5.572000026702881,2.118799924850464,2.052500009536743,79.36000061035156,77.93000030517578,13.007336616516113,10.785792350769043,3.8429999351501465
2010-01,79.94690704345703,29.063583374023438,1547.239990234375,1547.239990234375,5.13100004196167,1.902899980545044,1.9031000137329102,72.88999938964844,71.45999908447266,13.007336616516113,11.082155227661133,3.6089999675750732
2010-02,82.44083404541016,30.280269622802734,1610.22998046875,1610.22998046875,4.813000202178955,2.024899959564209,2.0787999629974365,79.66000366210938,77.58999633789062,13.696015357971191,11.576092720031738,3.5950000286102295
2010-03,87.4598159790039,32.46693801879883,1720.9100341796875,1720.9100341796875,3.86899995803833,2.164599895477295,2.309999942779541,83.76000213623047,82.69999694824219,14.505196571350098,12.186602592468262,3.8329999446868896
2010-04,88.81282806396484,33.32875061035156,1768.1300048828125,1768.1300048828125,3.9200000762939453,2.2885000705718994,2.3963000774383545,86.1500015258789,87.44000244140625,16.47141456604004,13.688569068908691,3.6630001068115234
2010-05,81.75619506835938,30.87294578552246,1634.739990234375,1634.739990234375,4.341000080108643,1.9802000522613525,2.0197999477386475,73.97000122070312,74.0199966430664,14.85014533996582,12.11465835571289,3.3010001182556152
2010-06,77.52609252929688,28.92583465576172,1530.7900390625,1530.7900390625,4.616000175476074,1.9816999435424805,2.0606000423431396,75.62999725341797,75.01000213623047,12.373966217041016,10.11862564086914,2.9509999752044678
2010-07,82.82117462158203,31.053178787231445,1641.3800048828125,1641.3800048828125,4.922999858856201,2.0427000522613525,2.106600046157837,78.94999694824219,78.18000030517578,13.022042274475098,10.5150785446167,2.9070000648498535
2010-08,79.0958480834961,29.576290130615234,1559.77001953125,1559.77001953125,,,,,,12.227066993713379,9.902376174926758,2.4769999980926514
2010-09,86.17924499511719,32.58959197998047,1717.6199951171875,1717.6199951171875,3.871999979019165,2.24399995803833,2.044800043106079,79.97000122070312,82.30999755859375,13.683588981628418,10.873150825500488,2.5169999599456787
2010-10,89.4714584350586,33.75075912475586,1777.5799560546875,1777.5799560546875,4.038000106811523,2.220099925994873,2.1045000553131104,81.43000030517578,83.1500015258789,13.423773765563965,10.259561538696289,2.611999988555908
2010-11,89.4714584350586,34.02760314941406,1790.0,1790.0,4.179999828338623,2.3169000148773193,2.265199899673462,84.11000061035156,85.91999816894531,13.54502010345459,10.250541687011719,2.796999931335449
2010-12,95.4528579711914,36.4829216003418,1915.4300537109375,1915.4300537109375,4.40500020980835,2.5436999797821045,2.453200101852417,91.37999725341797,94.75,15.273999214172363,11.909806251525879,3.305000066757202
2011-01,97.67689514160156,37.25406265258789,1956.469970703125,1956.469970703125,4.420000076293945,2.746799945831299,2.490600109100342,92.19000244140625,101.01000213623047,15.537504196166992,12.24414348602295,3.378000020980835
2011-02,101.06995391845703,38.75009536743164,2032.8199462890625,2032.8199462890625,4.0370001792907715,2.925800085067749,2.729599952697754,96.97000122070312,111.80000305175781,15.678033828735352,12.063421249389648,3.4140000343322754
2011-03,101.08206939697266,39.07341384887695,2046.31005859375,2046.31005859375,4.388999938964844,3.0897998809814453,3.107599973678589,106.72000122070312,117.36000061035156,16.02427101135254,11.992766380310059,3.4539999961853027
2011-04,104.00955200195312,40.29689407348633,2109.6201171875,2109.6201171875,4.697999954223633,3.2558000087738037,3.4647998809814453,113.93000030517578,125.88999938964844,16.76344108581543,12.237138748168945,3.2960000038146973
2011-05,102.84313201904297,40.04910659790039,2094.929931640625,2094.929931640625,,,,,,16.631446838378906,12.237138748168945,3.049999952316284
2011-06,101.10819244384766,39.32722091674805,2053.360107421875,2053.360107421875,4.374000072479248,2.9326999187469482,3.031599998474121,95.41999816894531,112.4800033569336,15.926355361938477,11.512911796569824,3.1579999923706055
2011-07,99.0855941772461,37.90547561645508,1979.0,1979.0,4.144999980926514,3.0961999893188477,3.1129000186920166,95.69999694824219,116.73999786376953,14.797577857971191,10.669841766357422,2.805000066757202
2011-08,93.63829803466797,35.497039794921875,1849.1600341796875,1849.1600341796875,4.053999900817871,3.078200101852417,3.0320000648498535,88.80999755859375,114.8499984741211,13.289602279663086,9.237525939941406,2.2179999351501465
2011-09,87.13788604736328,32.28521728515625,1679.550048828125,1679.550048828125,3.6659998893737793,2.794800043106079,2.625999927520752,79.19999694824219,102.76000213623047,11.75043773651123,8.141853332519531,1.9240000247955322
2011-10,96.64868927001953,36.504154205322266,1896.5699462890625,1896.5699462890625,3.934000015258789,3.0429000854492188,2.642899990081787,93.19000244140625,109.55999755859375,14.270279884338379,9.742929458618164,2.174999952316284
2011-11,96.25591278076172,36.184417724609375,1879.97998046875,1879.97998046875,3.549999952316284,3.021399974822998,2.567699909210205,100.36000061035156,110.81999969482422,14.623939514160156,10.434309005737305,2.068000078201294
2011-12,97.26165771484375,36.24113464355469,1878.6700439453125,1878.6700439453125,2.989000082015991,2.934999942779541,2.686300039291382,98.83000183105469,107.37999725341797,15.16254997253418,10.82633113861084,1.871000051498413
2012-01,101.77210235595703,38.3006477355957,1982.4000244140625,1982.4000244140625,,,,,,16.554672241210938,11.901671409606934,1.7990000247955322
2012-02,106.18952941894531,39.835487365722656,2061.0,2061.0,2.615999937057495,3.187999963760376,3.04229998588562,107.06999969482422,122.66000366210938,17.849246978759766,12.703618049621582,1.9769999980926514
2012-03,109.60502624511719,40.7598762512207,2106.280029296875,2106.280029296875,2.125999927520752,3.1684000492095947,3.389899969100952,103.0199966430664,122.87999725341797,18.964038848876953,13.429994583129883,2.2160000801086426
2012-04,108.8733901977539,40.45341873168945,2088.419921875,2088.419921875,,,,,,19.11503028869629,14.105144500732422,1.9149999618530273
2012-05,102.33486938476562,37.62451934814453,1939.25,1939.25,2.421999931335449,2.706199884414673,2.825000047683716,86.52999877929688,101.87000274658203,18.39555549621582,13.931796073913574,1.5809999704360962
2012-06,106.48776245117188,39.07695388793945,2011.010009765625,2011.010009765625,2.8239998817443848,2.696000099182129,2.7272000312805176,84.95999908447266,97.80000305175781,19.06749153137207,15.357718467712402,1.659000039100647
2012-07,107.7474365234375,39.124271392822266,2014.06005859375,2014.06005859375,,,,,,18.790630340576172,14.80041790008545,1.4919999837875366
2012-08,110.44679260253906,40.32373046875,2070.5,2070.5,2.7990000247955322,3.169600009918213,3.105600118637085,96.47000122070312,114.56999969482422,21.06800651550293,16.600229263305664,1.562000036239624
2012-09,113.24674224853516,41.33731460571289,2118.570068359375,2118.570068359375,3.319999933242798,3.1693999767303467,3.3420000076293945,92.19000244140625,112.38999938964844,22.202211380004883,17.68873405456543,1.6369999647140503
2012-10,111.18585968017578,40.996681213378906,2100.199951171875,2100.199951171875,3.691999912261963,3.06820011138916,2.7618000507354736,86.23999786376953,108.69999694824219,23.284154891967773,18.76743507385254,1.6859999895095825
2012-11,111.8150863647461,41.519527435302734,2122.0,2122.0,3.561000108718872,3.041300058364868,2.761399984359741,88.91000366210938,111.2300033569336,23.534526824951172,18.739999771118164,1.6059999465942383
2012-12,112.81410217285156,42.4608154296875,2165.510009765625,2165.510009765625,3.3510000705718994,3.045099973678589,2.812000036239624,91.81999969482422,111.11000061035156,23.855051040649414,19.416332244873047,1.75600004196167
2013-01,118.58906555175781,45.22412109375,2305.219970703125,2305.219970703125,3.3389999866485596,3.1298000812530518,3.0257999897003174,97.48999786376953,115.55000305175781,25.845964431762695,21.499279022216797,1.9850000143051147
2013-02,120.10220336914062,45.66210174560547,2328.1298828125,2328.1298828125,3.4860000610351562,2.97189998626709,2.914599895477295,92.05000305175781,111.37999725341797,25.379623413085938,20.63673973083496,1.8880000114440918
2013-03,124.6625747680664,47.654972076416016,2425.429931640625,2425.429931640625,4.02400016784668,2.9154000282287598,3.115499973297119,97.2300033569336,110.0199966430664,26.980632781982422,21.92499542236328,1.8519999980926514
2013-04,127.05767822265625,48.46200942993164,2462.330078125,2462.330078125,4.3429999351501465,2.8733999729156494,2.8008999824523926,93.45999908447266,102.37000274658203,27.18708038330078,22.26456642150879,1.6749999523162842
2013-05,130.05743408203125,49.76445388793945,2524.169921875,2524.169921875,3.9839999675750732,2.79229998588562,2.7792000770568848,91.97000122070312,100.38999938964844,27.734588623046875,22.328805923461914,2.1640000343322754
2013-06,128.3218994140625,49.151981353759766,2492.5,2492.5,3.565000057220459,2.8798000812530518,2.752000093460083,96.55999755859375,102.16000366210938,26.42869758605957,20.542924880981445,2.4779999256134033
2013-07,134.95321655273438,51.919647216796875,2627.0400390625,2627.0400390625,3.446000099182129,3.043100118637085,3.0441999435424805,105.02999877929688,107.69999694824219,27.030576705932617,20.451128005981445,2.5929999351501465
2013-08,130.90560913085938,50.4034538269043,2549.260009765625,2549.260009765625,3.5810000896453857,3.1396000385284424,3.0183000564575195,107.6500015258789,114.01000213623047,25.647153854370117,18.872325897216797,2.749000072479248
2013-09,135.04830932617188,52.474998474121094,2646.949951171875,2646.949951171875,,,,,,27.512426376342773,20.520021438598633,2.615000009536743
2013-10,141.3019561767578,54.72046661376953,2757.969970703125,2757.969970703125,3.5810000896453857,2.9677999019622803,2.633699893951416,96.37999725341797,108.83999633789062,27.44050407409668,20.68536949157715,2.5420000553131104
2013-11,145.4898223876953,55.9357795715332,2816.659912109375,2816.659912109375,3.9539999961853027,3.047800064086914,2.6840999126434326,92.72000122070312,109.69000244140625,28.71721839904785,21.254858016967773,2.740999937057495
2013-12,149.26181030273438,57.54951477050781,2893.6298828125,2893.6298828125,,,,,,29.9588565826416,22.80474853515625,3.0260000228881836
2014-01,144.0006103515625,55.84521484375,2805.580078125,2805.580078125,4.942999839782715,3.279400110244751,2.62719988822937,97.48999786376953,106.4000015258789,28.40243148803711,22.80474853515625,2.6679999828338623
2014-02,150.55494689941406,58.82569122314453,2951.260009765625,2951.260009765625,4.609000205993652,3.0892999172210693,2.789799928665161,102.58999633789062,109.06999969482422,30.615617752075195,24.155397415161133,2.6579999923706055
2014-03,151.8038787841797,59.18282699584961,2965.610107421875,2965.610107421875,4.370999813079834,2.931999921798706,2.9110000133514404,101.58000183105469,107.76000213623047,29.315311431884766,22.270164489746094,2.7230000495910645
2014-04,152.85911560058594,59.40984344482422,2973.280029296875,2973.280029296875,4.815000057220459,2.9349000453948975,3.007699966430664,99.73999786376953,108.06999969482422,27.919343948364258,21.506982803344727,2.6480000019073486
2014-05,156.40643310546875,60.69097900390625,3032.9599609375,3032.9599609375,4.541999816894531,2.8845999240875244,2.996500015258789,102.70999908447266,109.41000366210938,28.369659423828125,22.095458984375,2.4570000171661377
2014-06,159.63543701171875,62.426780700683594,3114.89990234375,3114.89990234375,,,,,,29.538381576538086,22.822364807128906,2.5160000324249268
2014-07,157.49034118652344,60.97005844116211,3040.659912109375,3040.659912109375,3.8410000801086426,2.8866000175476074,2.8310999870300293,98.16999816894531,106.0199966430664,26.571014404296875,20.43889808654785,2.555999994277954
2014-08,163.70541381835938,63.5335578918457,3163.739990234375,3163.739990234375,4.065000057220459,2.8568999767303467,2.7827000617980957,95.95999908447266,103.19000244140625,28.456050872802734,22.150571823120117,2.3429999351501465
2014-09,161.44686889648438,61.8907585144043,3078.989990234375,3078.989990234375,4.120999813079834,2.647200107574463,2.586899995803833,91.16000366210938,94.66999816894531,26.736276626586914,20.715301513671875,2.507999897003174
2014-10,165.24920654296875,63.76081466674805,3169.18994140625,3169.18994140625,3.872999906539917,2.5144999027252197,2.1695001125335693,80.54000091552734,85.86000061035156,28.12775993347168,22.170621871948242,2.3350000381469727
2014-11,169.7887725830078,65.45934295654297,3246.739990234375,3246.739990234375,4.0879998207092285,2.230799913406372,1.9039000272750854,66.1500015258789,70.1500015258789,30.24208641052246,23.902273178100586,2.194000005722046
2014-12,169.35821533203125,65.64371490478516,3251.0400390625,3251.0400390625,2.8889999389648438,1.84660005569458,1.4352999925613403,53.27000045776367,57.33000183105469,30.87295913696289,23.8651065826416,2.1700000762939453
2015-01,164.34024047851562,63.724830627441406,3155.969970703125,3155.969970703125,2.690999984741211,1.6863000392913818,1.4151999950408936,48.2400016784668,52.9900016784668,31.026777267456055,23.36714744567871,1.6749999523162842
2015-02,173.57691955566406,67.37398529052734,3330.31005859375,3330.31005859375,,,,,,32.8817024230957,25.488082885742188,2.002000093460083
2015-03,170.8507843017578,66.7300796508789,3294.320068359375,3294.320068359375,,,,,,33.3903694152832,26.052663803100586,1.934000015258789
2015-04,172.5308837890625,67.00176239013672,3304.18994140625,3304.18994140625,2.750999927520752,1.9763000011444092,2.0497000217437744,59.630001068115234,66.77999877929688,31.343120574951172,23.920835494995117,2.0460000038146973
2015-05,174.74893188476562,67.48754119873047,3323.169921875,3323.169921875,2.6419999599456787,1.955299973487854,2.0857999324798584,60.29999923706055,65.55999755859375,32.556976318359375,24.566843032836914,2.0950000286102295
2015-06,171.19943237304688,65.95515441894531,3243.02001953125,3243.02001953125,2.8320000171661377,1.8866000175476074,2.089600086212158,59.470001220703125,63.59000015258789,33.2037467956543,25.353878021240234,2.3350000381469727
2015-07,175.06671142578125,66.59156799316406,3271.570068359375,3271.570068359375,2.7160000801086426,1.5839999914169312,1.840999960899353,47.119998931884766,52.209999084472656,34.0742073059082,26.25904083251953,2.2049999237060547
2015-08,164.39642333984375,62.954952239990234,3089.179931640625,3089.179931640625,2.688999891281128,1.6735999584197998,1.6404000520706177,49.20000076293945,54.150001525878906,32.85013198852539,25.63096809387207,2.200000047683716
2015-09,160.2015838623047,61.05293655395508,2983.429931640625,2983.429931640625,2.5239999294281006,1.5125999450683594,1.3894000053405762,45.09000015258789,48.369998931884766,31.06568717956543,24.124704360961914,2.059999942779541
2015-10,173.8283233642578,65.31904602050781,3196.719970703125,3196.719970703125,2.321000099182129,1.499400019645691,1.4049999713897705,46.59000015258789,49.560001373291016,32.43610763549805,25.132211685180664,2.1510000228881836
2015-11,174.46372985839844,65.51824188232422,3197.909912109375,3197.909912109375,,,,,,32.98970031738281,26.398527145385742,2.2179999351501465
2015-12,171.4485321044922,63.89141845703125,3117.360107421875,3117.360107421875,2.3369998931884766,1.1007000207901,1.2670999765396118,37.040000915527344,37.279998779296875,31.075334548950195,25.07464027404785,2.2690000534057617
2016-01,162.9126739501953,60.34004592895508,2939.969970703125,2939.969970703125,2.2980000972747803,1.0550999641418457,1.1030999422073364,33.619998931884766,34.7400016784668,27.747779846191406,22.511661529541016,1.930999994277954
2016-02,162.77809143066406,60.940277099609375,2966.159912109375,2966.159912109375,1.7109999656677246,1.0759999752044678,1.0497000217437744,33.75,35.970001220703125,28.06598663330078,22.659706115722656,1.7400000095367432
2016-03,173.72755432128906,65.80463409423828,3194.72998046875,3194.72998046875,1.9589999914169312,1.1848000288009644,1.4264999628067017,38.34000015258789,39.599998474121094,30.81470489501953,25.088315963745117,1.7860000133514404
2016-04,174.4122772216797,66.62582397460938,3231.169921875,3231.169921875,2.177999973297119,1.3779000043869019,1.5848000049591064,45.91999816894531,48.130001068115234,30.65081024169922,24.634357452392578,1.819000005722046
2016-05,177.3792724609375,67.53081512451172,3271.68994140625,3271.68994140625,,,,,,31.124317169189453,25.560808181762695,1.8339999914169312
2016-06,177.995849609375,67.48796081542969,3263.35009765625,3263.35009765625,2.9240000247955322,1.4846999645233154,1.5013999938964844,48.33000183105469,49.68000030517578,30.58857536315918,25.642480850219727,1.4880000352859497
2016-07,184.48757934570312,70.2849349975586,3397.889892578125,3397.889892578125,2.875999927520752,1.2760000228881836,1.3209999799728394,41.599998474121094,42.459999084472656,32.90507507324219,26.848094940185547,1.4579999446868896
2016-08,184.70851135253906,70.39411163330078,3397.300048828125,3397.300048828125,2.88700008392334,1.4101999998092651,1.4121999740600586,44.70000076293945,47.040000915527344,32.95978546142578,26.931556701660156,1.5679999589920044
2016-09,184.71917724609375,70.46515655517578,3394.60009765625,3394.60009765625,2.9059998989105225,1.527899980545044,1.4874000549316406,48.2400016784668,49.060001373291016,30.999481201171875,25.572885513305664,1.6080000400543213
2016-10,181.51670837402344,68.74547576904297,3310.10009765625,3310.10009765625,3.0260000228881836,1.4954999685287476,1.4494999647140503,46.86000061035156,48.29999923706055,28.880477905273438,23.929912567138672,1.8339999914169312
2016-11,188.2035369873047,72.34500885009766,3474.739990234375,3474.739990234375,3.3519999980926514,1.5708999633789062,1.4908000230789185,49.439998626708984,50.470001220703125,30.917261123657227,25.405803680419922,2.368000030517578
2016-12,192.0187225341797,73.15872955322266,3507.070068359375,3507.070068359375,3.7239999771118164,1.704300045967102,1.6650999784469604,53.720001220703125,56.130001068115234,30.983566284179688,25.53605079650879,2.446000099182129
2017-01,195.45486450195312,74.62802124023438,3578.159912109375,3578.159912109375,,,,,,31.578529357910156,26.874187469482422,2.4509999752044678
2017-02,203.13461303710938,76.96696472167969,3686.02001953125,3686.02001953125,2.7739999294281006,1.6208000183105469,1.5119999647140503,54.0099983215332,55.59000015258789,32.969825744628906,28.314542770385742,2.3580000400543213
2017-03,203.38844299316406,76.98296356201172,3679.719970703125,3679.719970703125,3.190000057220459,1.5736000537872314,1.7000999450683594,50.599998474121094,52.83000183105469,34.137298583984375,29.74868392944336,2.3959999084472656
2017-04,205.40733337402344,77.49158477783203,3701.449951171875,3701.449951171875,3.2760000228881836,1.503999948501587,1.5479999780654907,49.33000183105469,51.72999954223633,34.669124603271484,30.074270248413086,2.2820000648498535
2017-05,208.30624389648438,77.92385864257812,3716.25,3716.25,3.071000099182129,1.5153000354766846,1.6122000217437744,48.31999969482422,50.310001373291016,34.37571716308594,30.14867401123047,2.196000099182129
2017-06,209.63417053222656,78.83118438720703,3754.030029296875,3754.030029296875,3.0350000858306885,1.4754999876022339,1.5152000188827515,46.040000915527344,47.91999816894531,35.39791488647461,31.60096549987793,2.302000045776367
2017-07,213.94302368164062,80.09001159667969,3810.8798828125,3810.8798828125,2.7939999103546143,1.651900053024292,1.7058000564575195,50.16999816894531,52.650001525878906,35.23255157470703,31.535778045654297,2.2920000553131104
2017-08,214.56727600097656,79.29048156738281,3767.489990234375,3767.489990234375,3.0399999618530273,1.7575000524520874,2.139899969100952,47.22999954223633,52.380001068115234,35.076358795166016,31.740623474121094,2.121000051498413
2017-09,218.89064025878906,81.61740112304688,3871.050048828125,3871.050048828125,3.006999969482422,1.8116999864578247,1.6065000295639038,51.66999816894531,57.540000915527344,36.64902114868164,34.05275344848633,2.3259999752044678
2017-10,224.0486297607422,82.5058364868164,3910.27001953125,3910.27001953125,,,,,,38.066375732421875,37.0535774230957,2.375999927520752
2017-11,230.89683532714844,85.64103698730469,4051.43994140625,4051.43994140625,3.0250000953674316,1.892699956893921,1.7283999919891357,57.400001525878906,63.56999969482422,40.339683532714844,39.9332389831543,2.4170000553131104
2017-12,233.6970977783203,86.704833984375,4092.2099609375,4092.2099609375,2.953000068664551,2.075500011444092,1.7992000579833984,60.41999816894531,66.5999984741211,40.835079193115234,40.767616271972656,2.4049999713897705
2018-01,246.86814880371094,90.50670623779297,4271.72998046875,4271.72998046875,2.994999885559082,2.069200038909912,1.9075000286102295,64.7300033569336,69.05000305175781,41.287147521972656,39.984336853027344,2.7200000286102295
2018-02,237.89193725585938,86.53319549560547,4078.820068359375,4078.820068359375,2.6670000553131104,1.913599967956543,1.757699966430664,61.63999938964844,65.77999877929688,37.40293884277344,35.72294235229492,2.868000030517578
2018-03,231.3711700439453,85.73360443115234,4032.300048828125,4032.300048828125,2.7330000400543213,2.02839994430542,2.017899990081787,64.94000244140625,70.2699966430664,37.70842361450195,36.86725997924805,2.740999937057495
2018-04,232.5669708251953,86.05250549316406,4045.06005859375,4045.06005859375,,,,,,36.01667404174805,35.87765121459961,2.936000108718872
2018-05,238.22042846679688,87.30213165283203,4093.9599609375,4093.9599609375,2.9519999027252197,2.1914000511169434,2.1603000164031982,67.04000091552734,77.58999633789062,36.31249237060547,35.92433547973633,2.822000026702881
2018-06,239.59046936035156,88.15036010742188,4125.330078125,4125.330078125,2.9240000247955322,2.2093000411987305,2.1791000366210938,74.1500015258789,79.44000244140625,36.64701461791992,35.65995407104492,2.8489999771118164
2018-07,248.46636962890625,90.88426208496094,4253.919921875,4253.919921875,,,,,,36.71187973022461,35.39823532104492,2.9639999866485596
2018-08,256.3974304199219,92.66646575927734,4330.0,4330.0,2.9159998893737793,2.241300106048584,2.143699884414673,69.80000305175781,77.41999816894531,37.082515716552734,35.248680114746094,2.8529999256134033
2018-09,257.921875,92.82239532470703,4328.02978515625,4328.02978515625,3.007999897003174,2.351799964904785,2.1012001037597656,73.25,82.72000122070312,35.69950866699219,33.0704345703125,3.055999994277954
2018-10,240.09832763671875,86.09600830078125,4012.679931640625,4012.679931640625,3.260999917984009,2.2618000507354736,1.7680000066757202,65.30999755859375,75.47000122070312,31.566753387451172,29.168243408203125,3.1589999198913574
2018-11,244.5519561767578,88.34683990478516,4113.91015625,4113.91015625,4.611999988555908,1.8454999923706055,1.4413000345230103,50.93000030517578,58.709999084472656,32.97838592529297,30.291168212890625,3.013000011444092
2018-12,223.01956176757812,79.90807342529297,3677.27001953125,3677.27001953125,2.940000057220459,1.680799961090088,1.323699951171875,45.40999984741211,53.79999923706055,30.330705642700195,28.162717819213867,2.686000108718872
2019-01,240.87576293945312,87.75023651123047,4067.659912109375,4067.659912109375,2.813999891281128,1.8788000345230103,1.3626999855041504,53.790000915527344,61.88999938964844,34.21063995361328,32.10962677001953,2.634999990463257
2019-02,248.68389892578125,90.96754455566406,4208.52001953125,4208.52001953125,2.812000036239624,2.0234999656677246,1.6292999982833862,57.220001220703125,66.02999877929688,35.786869049072266,32.437740325927734,2.7109999656677246
2019-03,253.18524169921875,91.72932434082031,4237.14013671875,4237.14013671875,2.6619999408721924,1.9733999967575073,1.8955999612808228,60.13999938964844,68.38999938964844,36.04356384277344,33.09776306152344,2.4140000343322754
2019-04,263.5284729003906,95.02295684814453,4385.66015625,4385.66015625,2.575000047683716,2.081199884414673,2.123199939727783,63.90999984741211,72.80000305175781,38.01637649536133,35.65241241455078,2.509000062942505
2019-05,246.72300720214844,88.43573760986328,4073.60009765625,4073.60009765625,2.4539999961853027,1.8417999744415283,1.8020000457763672,53.5,64.48999786376953,35.86592102050781,34.20602035522461,2.1419999599456787
2019-06,263.89154052734375,95.11222839355469,4333.27978515625,4333.27978515625,2.308000087738037,1.944599986076355,1.9424999952316284,58.470001220703125,66.55000305175781,39.058311462402344,35.9470100402832,2.0
2019-07,267.88134765625,95.91510772705078,4405.7900390625,4405.7900390625,2.2330000400543213,1.9550000429153442,1.9019999504089355,58.58000183105469,65.16999816894531,39.03020477294922,36.58657455444336,2.0209999084472656
2019-08,263.39617919921875,92.7829360961914,4258.72998046875,4258.72998046875,2.2850000858306885,1.8281999826431274,1.6133999824523926,55.099998474121094,60.43000030517578,39.405033111572266,38.33596420288086,1.50600004196167
2019-09,268.5213317871094,95.8168716430664,4382.5,4382.5,,,,,,41.41725158691406,40.78237533569336,1.6749999523162842
2019-10,274.45684814453125,96.9959487915039,4433.85986328125,4433.85986328125,2.632999897003174,1.878000020980835,1.6311999559402466,54.18000030517578,60.22999954223633,42.77965545654297,42.04417037963867,1.690999984741211
2019-11,284.3916931152344,100.29387664794922,4573.64013671875,4573.64013671875,2.2809998989105225,1.8789000511169434,1.597000002861023,55.16999816894531,62.43000030517578,43.14609909057617,42.87281799316406,1.7760000228881836
2019-12,292.6548767089844,103.00675201416016,4691.02001953125,4691.02001953125,,,,,,42.856201171875,41.87852096557617,1.9190000295639038
2020-01,292.5367736816406,101.06623077392578,4601.080078125,4601.080078125,1.840999960899353,1.624500036239624,1.488700032234192,51.560001373291016,58.15999984741211,44.24048614501953,44.78230667114258,1.5199999809265137
2020-02,269.3778381347656,92.10252380371094,4179.27978515625,4179.27978515625,1.684000015258789,1.4905999898910522,1.3954999446868896,44.7599983215332,50.52000045776367,40.17239761352539,40.92633056640625,1.1269999742507935
2020-03,235.74024963378906,75.524169921875,3418.8701171875,3418.8701171875,,,,,,28.17283058166504,27.349565505981445,0.6980000138282776
2020-04,265.67547607421875,86.41865539550781,3908.699951171875,3908.699951171875,1.9490000009536743,0.7318999767303467,0.6977999806404114,18.84000015258789,25.270000457763672,34.09299087524414,34.52493667602539,0.621999979019165
2020-05,278.3336181640625,90.52652740478516,4082.27001953125,4082.27001953125,1.8489999771118164,0.9646999835968018,1.0259000062942505,35.4900016784668,35.33000183105469,39.86186599731445,40.887271881103516,0.6480000019073486
2020-06,283.2696838378906,91.84915924072266,4138.740234375,4138.740234375,1.7510000467300415,1.1780999898910522,1.2000999450683594,39.27000045776367,41.150001525878906,41.61792755126953,41.79019546508789,0.652999997138977
2020-07,299.95196533203125,96.43439483642578,4334.39013671875,4334.39013671875,1.7990000247955322,1.2171000242233276,1.1871000528335571,40.27000045776367,43.29999923706055,47.03109359741211,48.89876937866211,0.5360000133514404
2020-08,320.8876647949219,100.55028533935547,4518.81982421875,4518.81982421875,2.630000114440918,1.1960999965667725,1.2761000394821167,42.61000061035156,45.279998779296875,50.007869720458984,51.65324020385742,0.6930000185966492
2020-09,308.87249755859375,98.02436828613281,4396.18994140625,4396.18994140625,2.5269999504089355,1.145400047302246,1.2007999420166016,40.220001220703125,40.95000076293945,51.16575241088867,53.6710319519043,0.6769999861717224
2020-10,301.17120361328125,97.48036193847656,4364.56982421875,4364.56982421875,3.3540000915527344,1.0813000202178955,1.0494999885559082,35.790000915527344,37.459999084472656,49.36145782470703,49.28450012207031,0.8600000143051147
2020-11,333.93170166015625,111.41647338867188,4978.6201171875,4978.6201171875,,,,,,54.346988677978516,52.988895416259766,0.843999981880188
2020-12,346.30328369140625,116.04551696777344,5182.0400390625,5182.0400390625,2.5390000343322754,1.4763000011444092,1.408400058746338,48.52000045776367,51.79999923706055,54.845272064208984,52.940162658691406,0.9169999957084656
2021-01,342.77435302734375,115.09921264648438,5135.47021484375,5135.47021484375,2.563999891281128,1.6003999710083008,1.5724999904632568,52.20000076293945,55.880001068115234,57.37629699707031,55.94770050048828,1.093000054359436
2021-02,352.3052978515625,122.10527801513672,5438.7001953125,5438.7001953125,2.7709999084472656,1.8565000295639038,1.8769999742507935,61.5,66.12999725341797,59.03193283081055,57.048248291015625,1.4600000381469727
2021-03,368.2996826171875,129.48806762695312,5752.06005859375,5752.06005859375,2.6080000400543213,1.771299958229065,1.9532999992370605,59.15999984741211,63.540000915527344,67.07331848144531,64.46044158935547,1.746000051498413
2021-04,387.7866516113281,135.5391845703125,6019.66015625,6019.66015625,2.930999994277954,1.9211000204086304,2.0697999000549316,63.58000183105469,67.25,71.82001495361328,69.55191040039062,1.63100004196167
2021-05,390.3329162597656,138.13519287109375,6125.47998046875,6125.47998046875,2.9860000610351562,2.0445001125335693,2.140199899673462,66.31999969482422,69.62999725341797,71.45780181884766,68.3170394897461,1.5809999704360962
2021-06,399.08697509765625,138.17445373535156,6124.89990234375,6124.89990234375,3.6500000953674316,2.128700017929077,2.2444000244140625,73.47000122070312,75.12999725341797,69.90355682373047,65.81974792480469,1.4429999589920044
2021-07,408.8297119140625,139.96200561523438,6198.33984375,6198.33984375,3.9140000343322754,2.199399948120117,2.3659000396728516,73.94999694824219,76.33000183105469,71.95562744140625,68.04480743408203,1.2389999628067017
2021-08,420.9964294433594,143.2804412841797,6335.85009765625,6335.85009765625,,,,,,74.54215240478516,69.54718017578125,1.3040000200271606
2021-09,401.37567138671875,137.84194946289062,6086.18994140625,6086.18994140625,5.867000102996826,2.3417000770568848,2.2535998821258545,75.02999877929688,78.5199966430664,68.57225036621094,63.011817932128906,1.5290000438690186
2021-10,429.53765869140625,145.14715576171875,6405.06005859375,6405.06005859375,5.426000118255615,2.4964001178741455,2.4619998931884766,83.56999969482422,84.37999725341797,74.13370513916016,68.50559997558594,1.5570000410079956
2021-11,426.0863342285156,141.3105010986328,6230.85986328125,6230.85986328125,4.566999912261963,2.063800096511841,1.9801000356674194,66.18000030517578,70.56999969482422,76.75199127197266,71.9618148803711,1.4429999589920044
2021-12,445.7919006347656,150.17251586914062,6605.8701171875,6605.8701171875,3.7300000190734863,2.3301000595092773,2.2284998893737793,75.20999908447266,77.77999877929688,82.10130310058594,79.0151596069336,1.5119999647140503
2022-01,422.2803039550781,143.6119842529297,6313.490234375,6313.490234375,4.874000072479248,2.759200096130371,2.55430006980896,88.1500015258789,91.20999908447266,71.24763488769531,67.28483581542969,1.781999945640564
2022-02,409.81585693359375,142.3294219970703,6248.64013671875,6248.64013671875,4.4019999504089355,3.013400077819824,2.796999931335449,95.72000122070312,100.98999786376953,67.0458984375,63.64473342895508,1.8389999866485596
2022-03,425.220947265625,146.13006591796875,6397.740234375,6397.740234375,5.642000198364258,3.691200017929077,3.1895999908447266,100.27999877929688,107.91000366210938,60.622074127197266,56.60182189941406,2.3269999027252197
2022-04,387.8997497558594,136.62344360351562,5983.2001953125,5983.2001953125,7.24399995803833,4.781700134277344,3.472100019454956,104.69000244140625,109.33999633789062,58.78997802734375,55.1595573425293,2.88700008392334
2022-05,388.7752380371094,137.99478149414062,6031.2099609375,6031.2099609375,,,,,,59.864288330078125,57.65248107910156,2.8440001010894775
2022-06,356.7167053222656,125.0444107055664,5453.52978515625,5453.52978515625,5.423999786376953,3.898200035095215,3.6498000621795654,105.76000213623047,114.80999755859375,52.617286682128906,50.23114776611328,2.9719998836517334
2022-07,389.5658264160156,135.8599853515625,5922.75,5922.75,8.229000091552734,3.6247000694274902,3.488100051879883,98.62000274658203,110.01000213623047,61.551937103271484,58.44035339355469,2.6419999599456787
2022-08,373.6708068847656,131.1276092529297,5704.39990234375,5704.39990234375,9.126999855041504,3.715399980545044,2.6059000492095947,89.55000305175781,96.48999786376953,57.50297164916992,53.61815643310547,3.132999897003174
2022-09,339.12646484375,119.1108627319336,5167.330078125,5167.330078125,6.765999794006348,3.36899995803833,2.472599983215332,79.48999786376953,87.95999908447266,52.734012603759766,49.93095016479492,3.803999900817871
2022-10,366.68914794921875,130.6027069091797,5668.5,5668.5,6.355000019073486,4.190899848937988,2.810699939727783,86.52999877929688,94.83000183105469,56.253475189208984,53.999107360839844,4.077000141143799
2022-11,387.07403564453125,139.26840209960938,6035.0,6035.0,6.929999828338623,3.3629000186920166,2.4184999465942383,80.55000305175781,85.43000030517578,60.05255889892578,58.412689208984375,3.703000068664551
2022-12,364.7676086425781,132.7269744873047,5739.52978515625,5739.52978515625,4.474999904632568,3.3622000217437744,2.4595000743865967,80.26000213623047,85.91000366210938,58.34736251831055,58.270320892333984,3.878999948501587
2023-01,387.7068786621094,142.57460021972656,6158.68017578125,6158.68017578125,,,,,,67.17878723144531,66.88445281982422,3.5290000438690186
2023-02,377.9588623046875,137.75416564941406,5944.16015625,5944.16015625,2.746999979019165,2.8208999633789062,2.434299945831299,77.05000305175781,83.88999938964844,65.3119125366211,65.05778503417969,3.9159998893737793
2023-03,391.9728088378906,136.57733154296875,5878.10009765625,5878.10009765625,2.2160000801086426,2.676300048828125,2.700500011444092,75.66999816894531,79.7699966430664,65.7272720336914,67.71699523925781,3.49399995803833
2023-04,398.23443603515625,137.06842041015625,5892.43017578125,5892.43017578125,2.4100000858306885,2.378700017929077,2.578000068664551,76.77999877929688,79.54000091552734,68.79248809814453,73.01567077636719,3.4519999027252197
2023-05,400.0728454589844,131.84596252441406,5657.330078125,5657.330078125,2.2660000324249268,2.2595999240875244,2.5599000453948975,68.08999633789062,72.66000366210938,66.82339477539062,70.48194122314453,3.63700008392334
2023-06,425.9974670410156,141.93040466308594,6081.9599609375,6081.9599609375,2.7980000972747803,2.448199987411499,2.634000062942505,70.63999938964844,74.9000015258789,78.07383728027344,82.41584014892578,3.819000005722046
2023-07,439.9418029785156,146.90042114257812,6286.02978515625,6286.02978515625,2.634000062942505,2.9909000396728516,2.928999900817871,81.80000305175781,85.55999755859375,82.16712951660156,85.62799072265625,3.9590001106262207
2023-08,432.7918701171875,142.19598388671875,6074.35986328125,6074.35986328125,2.7679998874664307,3.1426000595092773,2.766400098800659,83.62999725341797,86.86000061035156,80.76705932617188,83.18753051757812,4.0929999351501465
2023-09,412.2625732421875,134.97349548339844,5754.77001953125,5754.77001953125,2.928999900817871,3.3622000217437744,2.4398999214172363,90.79000091552734,95.30999755859375,74.626953125,75.85673522949219,4.572999954223633
2023-10,403.31292724609375,129.3912811279297,5514.31982421875,5514.31982421875,,,,,,69.80257415771484,71.05345916748047,4.875
2023-11,440.15313720703125,141.27017211914062,6003.16015625,6003.16015625,2.802000045776367,2.8304998874664307,2.1998000144958496,75.95999908447266,82.83000183105469,80.84504699707031,83.99424743652344,4.3520002365112305
2023-12,460.2484436035156,150.90740966796875,6402.89013671875,6402.89013671875,2.5139999389648438,2.553100109100342,2.10260009765625,71.6500015258789,77.04000091552734,93.41797637939453,98.41509246826172,3.865999937057495
2024-01,467.5785217285156,149.62596130371094,6344.31005859375,6344.31005859375,2.0999999046325684,2.808199882507324,2.183300018310547,75.8499984741211,81.70999908447266,91.60157012939453,96.72212219238281,3.9670000076293945
2024-02,491.97998046875,155.67945861816406,6595.72021484375,6595.72021484375,1.8600000143051147,2.683799982070923,2.30430006980896,78.26000213623047,83.62000274658203,100.654296875,104.384033203125,4.251999855041504
2024-03,508.0686340332031,162.6446990966797,6875.8798828125,6875.8798828125,1.7630000114440918,2.615600109100342,2.7611000537872314,83.16999816894531,87.4800033569336,109.1489486694336,112.14044952392578,4.205999851226807
2024-04,487.58355712890625,154.79910278320312,6535.35009765625,6535.35009765625,1.9910000562667847,2.513400077819824,2.7107999324798584,81.93000030517578,87.86000061035156,100.3653793334961,100.59416961669922,4.685999870300293
2024-05,512.2454833984375,159.19723510742188,6707.27978515625,6707.27978515625,2.5869998931884766,2.363600015640259,2.4260001182556152,76.98999786376953,81.62000274658203,102.99654388427734,102.84144592285156,4.513999938964844
2024-06,530.3175048828125,158.3909912109375,6663.7099609375,6663.7099609375,2.6010000705718994,2.516900062561035,2.529099941253662,81.54000091552734,86.41000366210938,99.01028442382812,97.98102569580078,4.3429999351501465
2024-07,536.7391967773438,165.44859313964844,6956.259765625,6956.259765625,2.0360000133514404,2.4154999256134033,2.4820001125335693,77.91000366210938,80.72000122070312,115.76994323730469,116.91600799560547,4.109000205993652
2024-08,549.2804565429688,169.56552124023438,7116.27978515625,7116.27978515625,2.127000093460083,2.251499891281128,2.211699962615967,73.55000305175781,78.80000305175781,114.986328125,117.29413604736328,3.9110000133514404
2024-09,560.8178100585938,173.4168243408203,7269.39990234375,7269.39990234375,,,,,,122.13540649414062,123.34466552734375,3.802000045776367
2024-10,555.8132934570312,170.6387939453125,7144.2998046875,7144.2998046875,2.7070000171661377,2.2195000648498535,2.003499984741211,69.26000213623047,73.16000366210938,111.98688507080078,113.756591796875,4.283999919891357
2024-11,588.9584350585938,181.60562133789062,7589.91015625,7589.91015625,3.36299991607666,2.193000078201294,1.9436999559402466,68.0,72.94000244140625,120.49790954589844,120.16158294677734,4.177999973297119
2024-12,574.7880249023438,170.2101593017578,7100.830078125,7100.830078125,,,,,,102.63922882080078,100.44122314453125,4.572999954223633
2025-01,590.2246704101562,176.04798889160156,7342.27001953125,7342.27001953125,3.0439999103546143,2.484499931335449,2.0364999771118164,72.52999877929688,76.76000213623047,106.46978759765625,104.19114685058594,4.568999767303467
2025-02,582.73193359375,175.01834106445312,7285.8798828125,7285.8798828125,3.8340001106262207,2.3548998832702637,1.9702999591827393,69.76000213623047,73.18000030517578,99.5845947265625,96.02098846435547,4.230999946594238
2025-03,550.2625122070312,169.07565307617188,7024.2001953125,7024.2001953125,4.11899995803833,2.313999891281128,2.283099889755249,71.4800033569336,74.73999786376953,95.48133850097656,93.13216400146484,4.245999813079834
2025-04,545.49169921875,165.08377075195312,6856.7900390625,6856.7900390625,3.3259999752044678,2.0367000102996826,2.0369999408721924,58.209999084472656,63.119998931884766,93.31352996826172,90.08026123046875,4.177000045776367
2025-05,579.7730102539062,172.19894409179688,7141.56982421875,7141.56982421875,3.447000026702881,2.017199993133545,2.0383999347686768,60.790000915527344,63.900001525878906,92.87997436523438,87.5272216796875,4.415999889373779
2025-06,609.5653686523438,178.10545349121094,7372.58984375,7372.58984375,,,,,,97.28180694580078,91.7994384765625,4.230000019073486
2025-07,623.6045532226562,179.9576416015625,7437.41015625,7437.41015625,3.1059999465942383,2.3994998931884766,2.21560001373291,69.26000213623047,72.52999877929688,100.57817077636719,95.9770736694336,4.360000133514404
2025-08,636.4006958007812,184.84783935546875,7624.7099609375,7624.7099609375,2.996999979019165,2.266700029373169,2.1875998973846436,64.01000213623047,68.12000274658203,112.51016235351562,109.07157135009766,4.2270002365112305
2025-09,659.0694580078125,186.71542358398438,7693.41015625,7693.41015625,3.302999973297119,2.3324999809265137,1.9729000329971313,62.369998931884766,67.0199966430664,109.50506591796875,105.7987289428711,4.1479997634887695
2025-10,674.7800903320312,184.9732666015625,7613.0498046875,7613.0498046875,4.124000072479248,2.4312000274658203,1.9931000471115112,60.97999954223633,65.06999969482422,103.80250549316406,99.06114959716797,4.10099983215332
2025-11,676.0958251953125,188.5166473388672,7744.72998046875,7744.72998046875,4.849999904632568,2.3329999446868896,1.895900011062622,58.54999923706055,63.20000076293945,107.60749816894531,102.50392150878906,4.017000198364258
2025-12,676.635009765625,189.29595947265625,7763.919921875,7763.919921875,3.686000108718872,2.1205999851226807,1.705399990081787,57.41999816894531,60.849998474121094,101.93132019042969,95.15504455566406,4.163000106811523
2026-01,686.607177734375,195.73892211914062,8018.2099609375,8018.2099609375,4.354000091552734,2.735599994659424,1.9227999448776245,65.20999908447266,70.69000244140625,107.31697082519531,100.81690979003906,4.241000175476074
2026-02,680.6734619140625,202.5474853515625,8290.6396484375,8290.6396484375,,,,,,114.1876220703125,106.24163818359375,3.9619998931884766
2026-03,647.0620727539062,190.46365356445312,7778.5400390625,7778.5400390625,,,,,,98.02958679199219,89.6445541381836,4.310999870300293
2026-04,715.0377197265625,201.896240234375,8235.490234375,8235.490234375,2.7669999599456787,4.138400077819824,3.7715001106262207,105.06999969482422,114.01000213623047,105.2586669921875,95.39645385742188,4.389999866485596
2026-05,752.6671142578125,207.24534606933594,8442.400390625,8442.400390625,3.2899999618530273,3.5373001098632812,3.126699924468994,87.36000061035156,92.05000305175781,101.9122314453125,92.12945556640625,4.453000068664551
2026-06,744.9202270507812,211.97320556640625,8626.6396484375,8626.6396484375,3.2750000953674316,3.316800117492676,3.014400005340576,69.5,72.91999816894531,114.91739654541016,103.60517883300781,4.418000221252441
2026-07,745.1796264648438,214.20480346679688,8705.9296875,8705.9296875,2.746999979019165,4.121500015258789,3.22160005569458,84.66999816894531,90.12000274658203,103.11341094970703,93.5500717163086,4.744999885559082
2026-08,765.1499633789062,218.5684051513672,8872.3203125,8872.3203125,2.934999942779541,4.495299816131592,3.437000036239624,85.76000213623047,90.48999786376953,102.23829650878906,93.89714813232422,4.757999897003174
2026-09,771.3499755859375,211.11000061035156,8559.6904296875,8559.6904296875,3.2249999046325684,4.462100028991699,3.1875,92.41000366210938,97.44000244140625,98.31999969482422,89.43000030517578,5.184000015258789
