month,oel,fed,zins10,bewertung,hypo,haus_real,midterm,n
1976-01,0,1,1,0,0,1,0,3
1976-02,0,1,1,0,0,1,0,3
1976-03,0,0,0,0,0,1,0,1
1976-04,0,0,0,0,0,0,0,0
1976-05,0,1,0,0,0,0,0,1
1976-06,0,1,0,0,0,0,0,1
1976-07,0,1,0,0,0,0,0,1
1976-08,0,1,0,0,0,0,0,1
1976-09,0,1,0,0,0,0,0,1
1976-10,0,1,0,0,0,0,0,1
1976-11,0,1,0,0,0,0,0,1
1976-12,0,1,0,0,0,0,0,1
1977-01,0,0,0,0,0,0,0,0
1977-02,0,0,0,0,0,0,0,0
1977-03,0,0,0,0,0,0,0,0
1977-04,0,0,0,0,0,0,0,0
1977-05,0,1,0,0,0,0,0,1
1977-06,0,1,0,0,0,0,0,1
1977-07,0,1,0,0,0,0,0,1
1977-08,0,1,0,0,0,0,0,1
1977-09,0,1,0,0,0,0,0,1
1977-10,0,1,0,0,0,0,0,1
1977-11,0,1,0,0,0,0,0,1
1977-12,0,1,0,0,0,0,0,1
1978-01,0,1,0,0,0,0,1,2
1978-02,0,1,0,0,0,0,1,2
1978-03,0,1,0,0,0,0,1,2
1978-04,0,1,0,0,0,0,1,2
1978-05,0,1,0,0,0,0,1,2
1978-06,0,1,1,0,0,0,1,3
1978-07,0,1,1,0,0,0,1,3
1978-08,0,1,1,0,0,0,1,3
1978-09,0,1,1,0,0,0,1,3
1978-10,0,1,1,0,0,0,1,3
1978-11,0,1,1,0,1,0,0,3
1978-12,0,1,1,0,1,0,0,3
1979-01,0,1,1,0,1,0,0,3
1979-02,0,1,1,0,1,0,0,3
1979-03,0,1,1,0,1,0,0,3
1979-04,0,1,1,0,1,0,0,3
1979-05,0,1,1,0,1,0,0,3
1979-06,0,1,1,0,1,0,0,3
1979-07,0,1,1,0,1,0,0,3
1979-08,1,1,1,0,1,0,0,4
1979-09,1,1,1,0,1,0,0,4
1979-10,1,1,1,0,1,0,0,4
1979-11,1,1,1,0,1,0,0,4
1979-12,1,1,1,0,1,0,0,4
1980-01,1,1,1,0,1,1,0,5
1980-02,1,1,1,0,1,1,0,5
1980-03,1,1,1,0,1,1,0,5
1980-04,1,1,1,0,1,1,0,5
1980-05,1,1,1,0,1,1,0,5
1980-06,1,1,1,0,1,1,0,5
1980-07,1,1,1,0,1,1,0,5
1980-08,1,1,1,0,1,1,0,5
1980-09,1,1,0,0,1,1,0,4
1980-10,1,1,0,0,1,1,0,4
1980-11,1,1,0,0,1,1,0,4
1980-12,1,1,1,0,1,1,0,5
1981-01,1,1,1,0,1,1,0,5
1981-02,1,1,1,0,1,1,0,5
1981-03,1,1,1,0,1,1,0,5
1981-04,1,1,1,0,1,1,0,5
1981-05,1,1,1,0,1,1,0,5
1981-06,1,1,1,0,1,1,0,5
1981-07,0,1,1,0,1,1,0,4
1981-08,0,1,1,0,1,1,0,4
1981-09,0,1,1,0,1,1,0,4
1981-10,0,1,1,0,1,1,0,4
1981-11,0,1,1,0,1,1,0,4
1981-12,0,1,1,0,1,1,0,4
1982-01,0,0,1,0,1,1,1,4
1982-02,0,1,1,0,1,1,1,5
1982-03,0,1,0,0,1,1,1,4
1982-04,0,1,0,0,0,1,1,3
1982-05,0,1,0,0,1,1,1,4
1982-06,0,1,0,0,1,1,1,4
1982-07,0,1,0,0,1,1,1,4
1982-08,0,1,0,0,1,1,1,4
1982-09,0,1,0,0,1,1,1,4
1982-10,0,0,0,0,0,1,1,2
1982-11,0,0,0,0,0,1,0,1
1982-12,0,0,0,0,0,1,0,1
1983-01,0,0,0,0,0,1,0,1
1983-02,0,0,0,0,0,1,0,1
1983-03,0,0,0,0,0,1,0,1
1983-04,0,0,0,0,0,1,0,1
1983-05,0,0,0,0,0,1,0,1
1983-06,0,1,0,0,0,0,0,1
1983-07,0,1,0,0,0,0,0,1
1983-08,0,1,0,0,0,0,0,1
1983-09,0,1,0,0,0,0,0,1
1983-10,0,1,0,0,0,0,0,1
1983-11,0,1,0,0,0,0,0,1
1983-12,0,1,0,0,0,0,0,1
1984-01,0,1,0,0,0,0,0,1
1984-02,0,1,0,0,0,1,0,2
1984-03,0,1,0,0,0,1,0,2
1984-04,0,1,0,0,0,0,0,1
1984-05,0,1,0,0,0,0,0,1
1984-06,0,1,0,0,0,0,0,1
1984-07,0,1,0,0,0,0,0,1
1984-08,0,1,0,0,0,0,0,1
1984-09,0,1,0,0,0,0,0,1
1984-10,0,1,0,0,0,0,0,1
1984-11,0,1,0,0,0,0,0,1
1984-12,0,1,0,0,0,0,0,1
1985-01,0,1,0,0,0,0,0,1
1985-02,0,1,0,0,0,0,0,1
1985-03,0,0,0,0,0,0,0,0
1985-04,0,0,0,0,0,0,0,0
1985-05,0,0,0,0,0,0,0,0
1985-06,0,0,0,0,0,0,0,0
1985-07,0,0,0,0,0,0,0,0
1985-08,0,0,0,0,0,0,0,0
1985-09,0,1,0,0,0,0,0,1
1985-10,0,1,0,0,0,0,0,1
1985-11,0,1,0,0,0,0,0,1
1985-12,0,1,0,0,0,0,0,1
1986-01,0,1,0,0,0,0,1,2
1986-02,0,1,0,0,0,0,1,2
1986-03,0,1,0,0,0,0,1,2
1986-04,0,1,0,0,0,0,1,2
1986-05,0,1,0,0,0,0,1,2
1986-06,0,0,0,0,0,0,1,1
1986-07,0,0,0,0,0,0,1,1
1986-08,0,0,0,0,0,0,1,1
1986-09,0,0,0,0,0,0,1,1
1986-10,0,0,0,0,0,0,1,1
1986-11,0,0,0,0,0,0,0,0
1986-12,0,1,0,0,0,0,0,1
1987-01,0,1,0,0,0,0,0,1
1987-02,0,1,0,0,0,0,0,1
1987-03,0,1,0,1,0,0,0,2
1987-04,0,1,0,1,0,0,0,2
1987-05,0,1,0,1,0,0,0,2
1987-06,0,1,0,1,0,0,0,2
1987-07,0,1,0,1,0,0,0,2
1987-08,0,1,0,1,0,0,0,2
1987-09,0,1,0,1,0,0,0,2
1987-10,0,1,0,0,0,0,0,1
1987-11,0,1,0,0,0,0,0,1
1987-12,0,1,0,0,0,0,0,1
1988-01,0,1,0,0,0,0,0,1
1988-02,0,1,0,0,0,0,0,1
1988-03,0,1,0,0,0,0,0,1
1988-04,0,0,0,0,0,0,0,0
1988-05,0,1,0,0,0,0,0,1
1988-06,0,1,0,0,0,0,0,1
1988-07,0,1,0,0,0,0,0,1
1988-08,0,1,0,0,0,0,0,1
1988-09,0,1,0,0,0,0,0,1
1988-10,0,1,0,0,0,0,0,1
1988-11,0,1,0,0,0,0,0,1
1988-12,0,1,0,0,1,0,0,2
1989-01,0,1,0,0,1,0,0,2
1989-02,0,1,0,1,1,0,0,3
1989-03,0,1,0,0,1,0,0,2
1989-04,0,1,0,1,1,0,0,3
1989-05,0,1,0,1,0,0,0,2
1989-06,0,1,0,1,0,0,0,2
1989-07,0,1,0,1,0,0,0,2
1989-08,0,1,0,1,0,0,0,2
1989-09,0,1,0,1,0,0,0,2
1989-10,0,1,0,1,0,0,0,2
1989-11,0,0,0,1,0,0,0,1
1989-12,0,0,0,1,0,1,0,2
1990-01,0,0,0,1,0,1,1,3
1990-02,0,0,0,1,0,1,1,3
1990-03,0,0,0,1,0,1,1,3
1990-04,0,0,0,1,0,1,1,3
1990-05,0,0,0,1,0,1,1,3
1990-06,0,0,0,1,0,1,1,3
1990-07,0,0,0,1,0,1,1,3
1990-08,0,0,0,1,0,1,1,3
1990-09,1,0,0,0,0,1,1,3
1990-10,1,0,0,0,0,1,1,3
1990-11,1,0,0,0,0,1,0,2
1990-12,1,0,0,1,0,1,0,3
1991-01,1,0,0,0,0,1,0,2
1991-02,1,0,0,1,0,1,0,3
1991-03,1,0,0,1,0,1,0,3
1991-04,1,0,0,1,0,1,0,3
1991-05,1,0,0,1,0,1,0,3
1991-06,1,0,0,1,0,1,0,3
1991-07,1,0,0,1,0,1,0,3
1991-08,1,0,0,1,0,1,0,3
1991-09,1,0,0,1,0,1,0,3
1991-10,0,0,0,1,0,1,0,2
1991-11,0,0,0,1,0,1,0,2
1991-12,0,0,0,1,0,1,0,2
1992-01,0,0,0,1,0,1,0,2
1992-02,0,0,0,1,0,1,0,2
1992-03,0,0,0,1,0,1,0,2
1992-04,0,0,0,1,0,1,0,2
1992-05,0,0,0,1,0,1,0,2
1992-06,0,0,0,1,0,1,0,2
1992-07,0,0,0,1,0,1,0,2
1992-08,0,0,0,1,0,1,0,2
1992-09,0,0,0,1,0,1,0,2
1992-10,0,0,0,1,0,1,0,2
1992-11,0,0,0,1,0,1,0,2
1992-12,0,0,0,1,0,1,0,2
1993-01,0,0,0,1,0,1,0,2
1993-02,0,0,0,1,0,1,0,2
1993-03,0,0,0,1,0,1,0,2
1993-04,0,0,0,1,0,1,0,2
1993-05,0,0,0,1,0,1,0,2
1993-06,0,0,0,1,0,1,0,2
1993-07,0,0,0,1,0,1,0,2
1993-08,0,0,0,1,0,1,0,2
1993-09,0,0,0,1,0,1,0,2
1993-10,0,0,0,1,0,1,0,2
1993-11,0,0,0,1,0,1,0,2
1993-12,0,0,0,1,0,1,0,2
1994-01,0,0,0,1,0,1,1,3
1994-02,0,1,0,1,0,1,1,4
1994-03,0,1,0,1,0,0,1,3
1994-04,0,1,0,1,0,0,1,3
1994-05,0,1,0,1,0,0,1,3
1994-06,0,1,0,1,0,0,1,3
1994-07,0,1,0,1,0,0,1,3
1994-08,0,1,0,1,0,1,1,4
1994-09,0,1,0,1,0,1,1,4
1994-10,0,1,0,1,0,0,1,3
1994-11,0,1,0,1,0,1,0,3
1994-12,0,1,0,1,0,1,0,3
1995-01,0,1,0,1,1,1,0,4
1995-02,0,1,0,1,1,1,0,4
1995-03,0,1,0,1,0,1,0,3
1995-04,0,1,0,1,0,1,0,3
1995-05,0,1,0,1,0,1,0,3
1995-06,0,1,0,1,0,1,0,3
1995-07,0,1,0,1,0,1,0,3
1995-08,0,1,0,1,0,1,0,3
1995-09,0,1,0,1,0,1,0,3
1995-10,0,0,0,1,0,1,0,2
1995-11,0,0,0,1,0,1,0,2
1995-12,0,0,0,1,0,1,0,2
1996-01,0,0,0,1,0,1,0,2
1996-02,0,0,0,1,0,1,0,2
1996-03,0,0,0,1,0,1,0,2
1996-04,0,0,0,1,0,1,0,2
1996-05,0,0,0,1,0,1,0,2
1996-06,0,0,0,1,0,1,0,2
1996-07,0,0,0,1,0,1,0,2
1996-08,0,0,0,1,0,1,0,2
1996-09,0,0,0,1,0,1,0,2
1996-10,0,0,0,1,0,1,0,2
1996-11,0,0,0,1,0,1,0,2
1996-12,0,0,0,1,0,1,0,2
1997-01,0,0,0,1,0,1,0,2
1997-02,0,0,0,1,0,1,0,2
1997-03,0,0,0,1,0,1,0,2
1997-04,0,1,0,1,0,0,0,2
1997-05,0,1,0,1,0,0,0,2
1997-06,0,1,0,1,0,0,0,2
1997-07,0,1,0,1,0,0,0,2
1997-08,0,1,0,1,0,0,0,2
1997-09,0,1,0,1,0,0,0,2
1997-10,0,1,0,1,0,0,0,2
1997-11,0,0,0,1,0,0,0,1
1997-12,0,0,0,1,0,0,0,1
1998-01,0,0,0,1,0,0,1,2
1998-02,0,0,0,1,0,0,1,2
1998-03,0,0,0,1,0,0,1,2
1998-04,0,0,0,1,0,0,1,2
1998-05,0,0,0,1,0,0,1,2
1998-06,0,0,0,1,0,0,1,2
1998-07,0,0,0,1,0,0,1,2
1998-08,0,0,0,1,0,0,1,2
1998-09,0,0,0,1,0,0,1,2
1998-10,0,0,0,1,0,0,1,2
1998-11,0,0,0,1,0,0,0,1
1998-12,0,0,0,1,0,0,0,1
1999-01,0,0,0,1,0,0,0,1
1999-02,0,0,0,1,0,0,0,1
1999-03,0,0,0,1,0,0,0,1
1999-04,0,0,0,1,0,0,0,1
1999-05,0,0,0,1,0,0,0,1
1999-06,0,0,0,1,0,0,0,1
1999-07,0,1,0,1,0,0,0,2
1999-08,0,1,0,1,0,0,0,2
1999-09,0,1,0,1,0,0,0,2
1999-10,0,1,0,1,0,0,0,2
1999-11,0,1,0,1,0,0,0,2
1999-12,1,1,0,1,0,0,0,3
2000-01,1,1,0,1,1,0,0,4
2000-02,1,1,0,1,1,0,0,4
2000-03,1,1,0,1,1,0,0,4
2000-04,1,1,0,1,1,0,0,4
2000-05,1,1,0,1,1,0,0,4
2000-06,1,1,0,1,1,0,0,4
2000-07,1,1,0,1,1,0,0,4
2000-08,1,1,0,1,1,0,0,4
2000-09,1,1,0,1,1,0,0,4
2000-10,1,1,0,1,1,0,0,4
2000-11,1,1,0,1,0,0,0,3
2000-12,1,1,0,1,0,0,0,3
2001-01,1,1,0,1,0,0,0,3
2001-02,1,0,0,1,0,0,0,2
2001-03,1,0,0,1,0,0,0,2
2001-04,1,0,0,0,0,0,0,1
2001-05,1,0,0,1,0,0,0,2
2001-06,0,0,0,1,0,0,0,1
2001-07,0,0,0,0,0,0,0,0
2001-08,0,0,0,0,0,0,0,0
2001-09,0,0,0,0,0,0,0,0
2001-10,0,0,0,0,0,0,0,0
2001-11,0,0,0,0,0,0,0,0
2001-12,0,0,0,0,0,0,0,0
2002-01,0,0,0,0,0,0,1,1
2002-02,0,0,0,0,0,0,1,1
2002-03,0,0,0,0,0,0,1,1
2002-04,0,0,0,0,0,0,1,1
2002-05,0,0,0,0,0,0,1,1
2002-06,0,0,0,0,0,0,1,1
2002-07,0,0,0,0,0,0,1,1
2002-08,0,0,0,0,0,0,1,1
2002-09,0,0,0,0,0,0,1,1
2002-10,0,0,0,0,0,0,1,1
2002-11,0,0,0,0,0,0,0,0
2002-12,0,0,0,0,0,0,0,0
2003-01,0,0,0,0,0,0,0,0
2003-02,1,0,0,0,0,0,0,1
2003-03,1,0,0,0,0,0,0,1
2003-04,1,0,0,0,0,0,0,1
2003-05,1,0,0,0,0,0,0,1
2003-06,1,0,0,0,0,0,0,1
2003-07,1,0,0,0,0,0,0,1
2003-08,1,0,0,0,0,0,0,1
2003-09,1,0,0,0,0,0,0,1
2003-10,1,0,0,0,0,0,0,1
2003-11,1,0,0,0,0,0,0,1
2003-12,1,0,0,0,0,0,0,1
2004-01,1,0,0,0,0,0,0,1
2004-02,0,0,0,0,0,0,0,0
2004-03,0,0,0,0,0,0,0,0
2004-04,0,0,0,0,0,0,0,0
2004-05,0,0,0,0,0,0,0,0
2004-06,0,0,0,0,0,0,0,0
2004-07,0,1,0,0,0,0,0,1
2004-08,0,1,0,0,0,0,0,1
2004-09,1,1,0,0,0,0,0,2
2004-10,1,1,0,0,0,0,0,2
2004-11,1,1,0,0,0,0,0,2
2004-12,1,1,0,0,0,0,0,2
2005-01,1,1,0,0,0,0,0,2
2005-02,1,1,0,0,0,0,0,2
2005-03,1,1,0,0,0,0,0,2
2005-04,1,1,0,0,0,0,0,2
2005-05,1,1,0,0,0,0,0,2
2005-06,1,1,0,0,0,0,0,2
2005-07,1,1,0,0,0,0,0,2
2005-08,1,1,0,0,0,0,0,2
2005-09,1,1,0,0,0,0,0,2
2005-10,0,1,0,0,0,0,0,1
2005-11,0,1,0,0,0,0,0,1
2005-12,0,1,0,0,0,0,0,1
2006-01,0,1,0,0,0,0,1,2
2006-02,0,1,0,0,0,0,1,2
2006-03,0,1,0,0,0,0,1,2
2006-04,0,1,0,0,0,0,1,2
2006-05,0,1,0,0,0,0,1,2
2006-06,0,1,0,0,0,0,1,2
2006-07,0,1,0,0,0,0,1,2
2006-08,0,1,0,0,0,0,1,2
2006-09,0,1,0,0,0,0,1,2
2006-10,0,1,0,0,0,0,1,2
2006-11,0,1,0,0,0,0,0,1
2006-12,0,1,0,0,0,1,0,2
2007-01,0,1,0,0,0,1,0,2
2007-02,0,1,0,0,0,1,0,2
2007-03,0,0,0,0,0,1,0,1
2007-04,0,0,0,0,0,1,0,1
2007-05,0,0,0,0,0,1,0,1
2007-06,0,0,0,0,1,1,0,2
2007-07,0,0,0,0,1,1,0,2
2007-08,0,0,0,0,0,1,0,1
2007-09,0,0,0,0,0,1,0,1
2007-10,0,0,0,0,0,1,0,1
2007-11,1,0,0,0,0,1,0,2
2007-12,1,0,0,0,0,1,0,2
2008-01,1,0,0,0,0,1,0,2
2008-02,1,0,0,0,0,1,0,2
2008-03,1,0,0,0,0,1,0,2
2008-04,1,0,0,0,0,1,0,2
2008-05,1,0,0,0,0,1,0,2
2008-06,1,0,0,0,0,1,0,2
2008-07,1,0,0,0,0,1,0,2
2008-08,1,0,0,0,0,1,0,2
2008-09,1,0,0,0,0,1,0,2
2008-10,1,0,0,0,0,1,0,2
2008-11,1,0,0,0,0,1,0,2
2008-12,1,0,0,0,0,1,0,2
2009-01,1,0,0,0,0,1,0,2
2009-02,1,0,0,0,0,1,0,2
2009-03,1,0,0,0,0,1,0,2
2009-04,1,0,0,0,0,1,0,2
2009-05,1,0,0,0,0,1,0,2
2009-06,0,0,0,0,0,1,0,1
2009-07,0,0,0,0,0,1,0,1
2009-08,0,0,0,0,0,1,0,1
2009-09,0,0,0,0,0,1,0,1
2009-10,0,0,0,0,0,1,0,1
2009-11,0,0,0,0,0,1,0,1
2009-12,0,0,0,0,0,1,0,1
2010-01,0,0,0,0,0,1,1,2
2010-02,0,0,0,0,0,1,1,2
2010-03,0,0,0,0,0,1,1,2
2010-04,0,0,0,0,0,1,1,2
2010-05,0,0,0,0,0,1,1,2
2010-06,0,0,0,0,0,1,1,2
2010-07,0,0,0,0,0,1,1,2
2010-08,0,0,0,0,0,1,1,2
2010-09,0,0,0,0,0,1,1,2
2010-10,0,0,0,0,0,1,1,2
2010-11,0,0,0,0,0,1,0,1
2010-12,0,0,0,0,0,1,0,1
2011-01,0,0,0,0,0,1,0,1
2011-02,0,0,0,0,0,1,0,1
2011-03,0,0,0,0,0,1,0,1
2011-04,0,0,0,0,0,1,0,1
2011-05,0,0,0,0,0,1,0,1
2011-06,0,0,0,0,0,1,0,1
2011-07,0,0,0,0,0,1,0,1
2011-08,0,0,0,0,0,1,0,1
2011-09,0,0,0,0,0,1,0,1
2011-10,0,0,0,0,0,1,0,1
2011-11,0,0,0,0,0,1,0,1
2011-12,0,0,0,0,0,1,0,1
2012-01,0,0,0,0,0,1,0,1
2012-02,0,0,0,0,0,1,0,1
2012-03,0,0,0,0,0,1,0,1
2012-04,0,0,0,0,0,1,0,1
2012-05,0,0,0,0,0,1,0,1
2012-06,0,0,0,0,0,1,0,1
2012-07,0,0,0,0,0,1,0,1
2012-08,0,0,0,0,0,0,0,0
2012-09,0,0,0,0,0,0,0,0
2012-10,0,0,0,0,0,0,0,0
2012-11,0,0,0,0,0,0,0,0
2012-12,0,0,0,0,0,0,0,0
2013-01,0,0,0,0,0,0,0,0
2013-02,0,0,0,0,0,0,0,0
2013-03,0,0,0,0,0,0,0,0
2013-04,0,0,0,0,0,0,0,0
2013-05,0,0,0,0,0,0,0,0
2013-06,0,0,0,0,0,0,0,0
2013-07,0,0,0,0,0,0,0,0
2013-08,0,0,0,0,0,0,0,0
2013-09,0,0,0,0,0,0,0,0
2013-10,0,0,0,0,0,0,0,0
2013-11,0,0,0,0,0,0,0,0
2013-12,0,0,0,0,0,0,0,0
2014-01,0,0,0,0,0,0,1,1
2014-02,0,0,0,0,0,0,1,1
2014-03,0,0,0,0,0,0,1,1
2014-04,0,0,0,0,0,0,1,1
2014-05,0,0,0,0,0,0,1,1
2014-06,0,0,0,0,0,0,1,1
2014-07,0,0,0,0,0,0,1,1
2014-08,0,0,0,0,0,0,1,1
2014-09,0,0,0,0,0,0,1,1
2014-10,0,0,0,0,0,0,1,1
2014-11,0,0,0,0,0,0,0,0
2014-12,0,0,0,0,0,0,0,0
2015-01,0,0,0,0,0,0,0,0
2015-02,0,0,0,0,0,0,0,0
2015-03,0,0,0,0,0,0,0,0
2015-04,0,0,0,0,0,0,0,0
2015-05,0,0,0,0,0,0,0,0
2015-06,0,0,0,0,0,0,0,0
2015-07,0,0,0,0,0,0,0,0
2015-08,0,0,0,0,0,0,0,0
2015-09,0,0,0,0,0,0,0,0
2015-10,0,0,0,0,0,0,0,0
2015-11,0,0,0,0,0,0,0,0
2015-12,0,0,0,0,0,0,0,0
2016-01,0,1,0,0,0,0,0,1
2016-02,0,1,0,0,0,0,0,1
2016-03,0,1,0,0,0,0,0,1
2016-04,0,1,0,0,0,0,0,1
2016-05,0,1,0,0,0,0,0,1
2016-06,0,1,0,0,0,0,0,1
2016-07,0,1,0,0,0,0,0,1
2016-08,0,0,0,0,0,0,0,0
2016-09,0,0,0,0,0,0,0,0
2016-10,0,0,0,0,0,0,0,0
2016-11,0,0,0,0,0,0,0,0
2016-12,0,0,0,0,0,0,0,0
2017-01,0,1,0,0,0,0,0,1
2017-02,0,1,0,0,0,0,0,1
2017-03,0,1,0,0,0,0,0,1
2017-04,0,1,0,0,0,0,0,1
2017-05,0,1,0,0,0,0,0,1
2017-06,0,1,0,0,0,0,0,1
2017-07,0,1,0,0,0,0,0,1
2017-08,0,1,0,0,0,0,0,1
2017-09,0,1,0,0,0,0,0,1
2017-10,0,1,0,0,0,0,0,1
2017-11,0,1,0,0,0,0,0,1
2017-12,0,1,0,0,0,0,0,1
2018-01,0,1,0,0,0,0,1,2
2018-02,0,1,0,0,0,0,1,2
2018-03,0,1,0,0,0,0,1,2
2018-04,0,1,0,0,0,0,1,2
2018-05,0,1,0,0,0,0,1,2
2018-06,0,1,0,0,1,0,1,3
2018-07,1,1,0,0,1,0,1,4
2018-08,1,1,0,0,1,0,1,4
2018-09,1,1,0,0,1,0,1,4
2018-10,1,1,0,0,1,0,1,4
2018-11,1,1,0,0,1,0,0,3
2018-12,1,1,0,0,0,0,0,2
2019-01,1,1,0,0,0,0,0,2
2019-02,1,1,0,0,0,0,0,2
2019-03,1,1,0,0,0,0,0,2
2019-04,1,1,0,0,0,0,0,2
2019-05,1,1,0,0,0,0,0,2
2019-06,1,1,0,0,0,0,0,2
2019-07,0,0,0,0,0,0,0,0
2019-08,0,0,0,0,0,0,0,0
2019-09,0,0,0,0,0,0,0,0
2019-10,0,0,0,0,0,0,0,0
2019-11,0,0,0,0,0,0,0,0
2019-12,0,0,0,0,0,0,0,0
2020-01,0,0,0,0,0,0,0,0
2020-02,0,0,0,0,0,0,0,0
2020-03,0,0,0,0,0,0,0,0
2020-04,0,0,0,0,0,0,0,0
2020-05,0,0,0,0,0,0,0,0
2020-06,0,0,0,0,0,0,0,0
2020-07,0,0,0,0,0,0,0,0
2020-08,0,0,0,1,0,0,0,1
2020-09,0,0,0,1,0,0,0,1
2020-10,0,0,0,1,0,0,0,1
2020-11,0,0,0,1,0,0,0,1
2020-12,0,0,0,1,0,0,0,1
2021-01,0,0,0,1,0,0,0,1
2021-02,0,0,0,1,0,0,0,1
2021-03,0,0,0,1,0,0,0,1
2021-04,0,0,0,1,0,0,0,1
2021-05,0,0,0,1,0,0,0,1
2021-06,1,0,0,1,0,0,0,2
2021-07,1,0,0,1,0,0,0,2
2021-08,1,0,0,1,0,0,0,2
2021-09,1,0,0,1,0,0,0,2
2021-10,1,0,0,1,0,0,0,2
2021-11,1,0,0,1,0,0,0,2
2021-12,1,0,0,1,0,0,0,2
2022-01,1,0,0,1,0,0,1,3
2022-02,1,0,0,1,0,0,1,3
2022-03,1,0,0,1,0,0,1,3
2022-04,1,1,0,1,1,0,1,5
2022-05,1,1,0,0,1,0,1,4
2022-06,1,1,0,0,1,0,1,4
2022-07,1,1,0,0,1,0,1,4
2022-08,1,1,0,0,1,0,1,4
2022-09,1,1,1,0,1,0,1,5
2022-10,1,1,1,0,1,0,1,5
2022-11,1,1,1,0,1,0,0,4
2022-12,1,1,1,0,1,1,0,5
2023-01,1,1,1,0,1,1,0,5
2023-02,1,1,1,0,1,1,0,5
2023-03,1,1,1,0,1,1,0,5
2023-04,1,1,0,0,1,1,0,4
2023-05,1,1,0,0,1,1,0,4
2023-06,0,1,0,0,1,1,0,3
2023-07,0,1,0,0,1,1,0,3
2023-08,0,1,1,0,1,1,0,4
2023-09,0,1,1,0,1,0,0,3
2023-10,0,1,1,0,1,0,0,3
2023-11,0,1,1,0,1,0,0,3
2023-12,0,1,1,1,1,0,0,4
2024-01,0,1,1,1,1,0,0,4
2024-02,0,1,1,1,1,0,0,4
2024-03,0,1,1,1,1,0,0,4
2024-04,0,0,0,1,1,0,0,2
2024-05,0,0,0,1,1,0,0,2
2024-06,0,0,0,1,1,0,0,2
2024-07,0,0,0,1,1,0,0,2
2024-08,0,0,0,1,1,0,0,2
2024-09,0,0,0,1,0,0,0,1
2024-10,0,0,0,1,0,0,0,1
2024-11,0,0,0,1,0,0,0,1
2024-12,0,0,0,1,0,0,0,1
2025-01,0,0,0,1,0,0,0,1
2025-02,0,0,0,1,0,0,0,1
2025-03,0,0,0,1,0,0,0,1
2025-04,0,0,0,1,0,0,0,1
2025-05,0,0,0,1,0,1,0,2
2025-06,0,0,0,1,0,1,0,2
2025-07,0,0,0,1,0,1,0,2
2025-08,0,0,0,1,0,1,0,2
2025-09,0,0,0,1,0,1,0,2
2025-10,0,0,0,1,0,1,0,2
2025-11,0,0,0,1,0,1,0,2
2025-12,0,0,0,1,0,1,0,2
2026-01,0,0,0,1,0,1,1,3
2026-02,0,0,0,1,0,1,1,3
2026-03,0,0,0,1,0,1,1,3
2026-04,1,0,0,1,0,1,1,4
2026-05,1,0,0,1,0,1,1,4
2026-06,1,0,0,1,0,1,1,4
2026-07,1,0,0,1,0,1,1,4
2026-08,1,0,0,1,0,1,1,4
2026-09,1,1,1,1,0,1,1,6
